round,date,place,author,title,filename
1,2006-04-14,1st,Sonicade,"Reon Kadence","sdc1_Sonicade-Reon_Kadence.rar"
1,2006-04-14,2nd,Chotoro,"The Mellow Monster","sdc1_Chotoro-The_Mellow_monster.zip"
1,2006-04-14,3rd,waterhead,"Artificial Assumptions","sdc1_w473rh34d-artificial_assumptions.rar"
1,2006-04-14,4th,imode,"saihakken","sdc1_Imode-Saihakken.rar"
1,2006-04-14,5th,drye,"All Dryed Up","sdc1_Drye_All_Dryed_Up.zip"
1,2006-04-14,6th,Harmony,"Apple Juice","sdc1_Harmony-Apple_Juice.zip"
1,2006-04-14,7th,hcys,"Mark of Megan","sdc1_hcys-Mark_of_Megan.ZIP"
1,2006-04-14,8th,Aged,"end of life","sdc1_aged-end_of_life.rar"
1,2006-04-14,9th,Sagosen,"Enok","sdc1_the_khin-Enok.zip"
1,2006-04-14,10th,teajay,"Just for the spirit","sdc1_teajay-for_the_spirit.zip"
1,2006-04-14,11th,fr0gr0ck,"MicroDrive-#060326-","sdc1_fr0gr0ck-MicroDrive.zip"
1,2006-04-14,12th,satobox,"Chyura-Chyura","sdc1_satobox-Chyura-Chyura.rar"
1,2006-04-14,13th,organic_io,"burning pcboard","sdc1_dj_io-burning_green.rar"
1,2006-04-14,13th,RobWilliamsJnr,"Your Hollow Heart","sdc1-RobWilliamsJnr-YourHollowHeart.rar"
1,2006-04-14,14th,goatboy,"Filling Time","sdc1_Goatboy_Filling_Time.zip"
1,2006-04-14,AV,Yuta,"From The Far East","sdc1_Yuta-From_The_Far_East.RAR"
2,2006-05-04,1st,ruthlinde,"'85 Ninja Get-together","sdc2_Ruth_Linde-ninja_gettogether.zip"
2,2006-05-04,2nd,Mickrip,"Actions and Words","sdc2_Mick_Rippon-Actions_and_Words.rar"
2,2006-05-04,3rd,groovyone,"DeBUT","SDCompo2_groovyone_Debut.rar"
2,2006-05-04,4th,Sonicade,"Digital Intervention","sdc2_Sonicade-Digital_Intervention.rar"
2,2006-05-04,5th,dj_status,"Terror of Love","DJStatus-Terror_of_Love.rar"
2,2006-05-04,6th,Aged,"i sent it back","sdc2_aged-i_sent_it_back.rar"
2,2006-05-04,7th,Chotoro,"Raging Pneumaniac","sdc2_chotoro-Raging_Pneumaniac.zip"
2,2006-05-04,8th,teajay,"Once upon again","sdc2_teajay_oua.zip"
2,2006-05-04,9th,RobWilliamsJnr,"Closing Time (Will you be there?)","sdc2_RobWilliamsJnr-ClosingTime.zip"
2,2006-05-04,10th,fr0gr0ck,"HackT0TheFUTURE","sdc2_fr0gr0ck_HackT0TheFUTURE.rar"
2,2006-05-04,10th,Teagan,"Aggrandizer","sdc2_Teagan-Agrdzr.zip"
2,2006-05-04,11th,organic_io,"stark contrast","sdcround2_djio-stark_contrast.rar"
3,2006-05-27,1st,groovyone,"80's State Of Mind","sdc03-groovyone-80s-state-of-mind.rar"
3,2006-05-27,2nd,Mickrip,"Lingo Rollercoaster","sdc3_MickRip-LingoRollercoaster.rar"
3,2006-05-27,3rd,Harmony,"Dreamer","sdc3_Harmony-Dreamer.zip"
3,2006-05-27,4th,Sonicade,"The Break of Dawn","sdc3_Sonicade-The_Break_Of_Dawn.rar"
3,2006-05-27,5th,overthruster,"itsukigoshi","sdc03_OVERTHRUSTER_itskukigoshi.zip"
3,2006-05-27,6th,Aged,"grotesk party","sdc3_aged-grotesk-party.rar"
3,2006-05-27,7th,Chotoro,"First permutation","sdc03_Chotoro-First_permutation.zip"
3,2006-05-27,8th,dj_status,"eBallad","sdc3_DJStatus-eBallad.rar"
3,2006-05-27,9th,RobWilliamsJnr,"Careful Where You Land","sdc3_RobWilliamsJnr_CarefulWhereYouLand.rar"
3,2006-05-27,10th,dilvie,"Detour","sdcROUND3_Dilvie-Detour.zip"
3,2006-05-27,11th,fr0gr0ck,"EV CAFE","sdc03-fr0gr0ck-EVCafe-.rar"
3,2006-05-27,12th,organic_io,"unfinished mess hall","sdc3_djio-unfinished-mess-hall.rar"
3,2006-05-27,AV,Necto_Ulin,"Ultrasonic motorway (Necto Ulin)","sdc3_Necto_Ulin-Ultrasonic_Motorway.rar"
4,2006-06-16,1st,Chotoro,"Konrad Orbiter's Upgrade","sdc04_chotoro-Konrad_Orbiters_Upgrade.rns.zip"
4,2006-06-16,2nd,Sonicade,"A Day At The Lake","sdc4_Sonicade-A_Day_At_The_Lake.rar"
4,2006-06-16,3rd,groovyone,"Bit Of Fluff","sdc04_groovyone_bitoffluff.rar"
4,2006-06-16,4th,organic_io,"conduit transparency","sdc4_djio-conduit_transparency.rar"
4,2006-06-16,5th,drye,"Piano on Rails","sd04_DryePianoOnRails.zip"
4,2006-06-16,6th,dilvie,"Redemption","sdc4_Dilvie-Redemption.zip"
4,2006-06-16,7th,RobWilliamsJnr,"She's Married Now","sdc4-RobWilliamsJnr-ShesMarriedNow.rar"
4,2006-06-16,8th,TheNordic,"Asia Distortion","Sdc4_TheNordic-Asia_Distortion.zip"
4,2006-06-16,9th,overthruster,"this track is a mess, but so am i","sdc04_0verthruster_trackisamess.rar"
4,2006-06-16,10th,fr0gr0ck,"AWAKEN","sdc04_AWAKEN_fr0gr0ck.rar"
5,2006-07-07,1st,ruthlinde,"Ruth ank amon","sdc05_Ruth_Linde-Ruth_ank_amon.zip"
5,2006-07-07,2nd,organic_io,"untethered","sdc5_djio-untethered.rar"
5,2006-07-07,3rd,RobWilliamsJnr,"Time Undone","sdc05-RobWilliamsJnr-TimeUndone.rar"
5,2006-07-07,4th,overthruster,"last place entry","sdc05_overthruster_lastplaceentry.RAR"
5,2006-07-07,AV,fr0gr0ck,"InternetExplorer","sdc05__fr0gr0ck_InternetExplorer.rar"
6,2006-08-05,1st,Harmony,"Nightingale","sdc6_Harmony-Nightingale.zip"
6,2006-08-05,2nd,Sonicade,"Departure","sdc6_Sonicade-Departure.rar"
6,2006-08-05,3rd,organic_io,"lament expire dub","sdc6_djio-lament-expire-dub.rar"
6,2006-08-05,3rd,Aged,"robots for christmas","sdc06_aged-robots_for_christmas.rar"
6,2006-08-05,4th,andyray,"Nolans Gearbox","sdc6_AndyRay-Nolans_Gearbox.zip"
6,2006-08-05,5th,Johan,"Laundry Day","sdcROUND6_Johan-Laundry_Day.zip"
6,2006-08-05,6th,RobWilliamsJnr,"PC Elevation","sdc06-RobWilliamsJnr-PcElevation.rar"
6,2006-08-05,7th,groovyone,"The Rush","SD06_groovyone_therush.rar"
6,2006-08-05,8th,harold,"Just Trying to Make You Smile","sdc6_harold-JustTryingToMakeYouSmile.rar"
6,2006-08-05,9th,overthruster,"last place entry part 2","sdc06_overthruster.rar"
7,2006-08-28,1st,Sonicade,"Fair Weather","sdc07_Sonicade-Fair_Weather.rar"
7,2006-08-28,2nd,harold,"3vil","sdc07_harold_3vil.rar"
7,2006-08-28,3rd,Aged,"good night, martians","sdc7_aged-good_night_martians.rar"
7,2006-08-28,4th,andyray,"Orange Pebbles","sdc7_AndyRay-Orange_Pebbles.zip"
7,2006-08-28,5th,RobWilliamsJnr,"Tequilla Torte","sdc07-RobWilliamsJnr-TequilaTorte.rar"
7,2006-08-28,6th,overthruster,"track","sdc07_track_by_overthruster.rar"
7,2006-08-28,7th,djioandrobwilliamsjnr,"fuel","sdc7_djio_and_rwj-fuel.rar"
8,2006-09-28,1st,Mickrip,"Heart or Soul","sdc08_MickRippon-HeartorSoul.rar"
8,2006-09-28,2nd,organic_io,"calculi","sdc8_djio-calculi.rar"
8,2006-09-28,3rd,Aged,"skystation transmission","sdc08_aged-skystation_transmission.rar"
8,2006-09-28,4th,Aged_Sonicade,"Skystation Lights","sdc08_Aged_Sonicade-Skystation_Lights.rar"
8,2006-09-28,5th,andyray,"The Inflatable Flower-pot","sdc8_AndyRay-The_Inflatable_Flower-pot.zip"
8,2006-09-28,6th,RobWilliamsJnr,"Bubbles","sdc08-RobWilliamsJnr-Bubbles.rar"
8,2006-09-28,6th,harold,"metaphor","sdc08_harold_metaphor.rar"
8,2006-09-28,7th,Sonicade_Mickrip,"Revenge of the Dots","sdc08_Sonicade_Mickrip-Revenge_of_the_dots.rar"
8,2006-09-28,AV,Chotoro,"Psychology in reverse","sdc08_Chotoro-Psychology_in_reverse.zip"
8,2006-09-28,AV,dilvie,"Authentic Me","sdc08_Dilvie_-_Authentic_Me.zip"
8,2006-09-28,AV,overthruster,"sans titolo 1","sdc08_overthruster_sanstitolo1.rar"
9,2006-10-25,1st,groovyone,"Tears Of Balanor","sdc09_groovyone_tearsofbalanor.rar"
9,2006-10-25,2nd,hideki,"road to Satori","sdc9_hideki-road_to_satori.zip"
9,2006-10-25,3rd,organic_io,"chandrasekhar limit","sdc9_djio-chandrasekhar_limit.rar"
9,2006-10-25,4th,andyray,"The Adventures Of Redden Alt Mer","sdc9_AndyRay_-_TAO_RAM.zip"
9,2006-10-25,5th,Aged,"furries on a highway","sdc9_aged-furries_on_a_highway.rar"
9,2006-10-25,6th,Sonicade,"Pickled Ginger","sdc09_Sonicade-Pickled_Ginger.rar"
9,2006-10-25,7th,Knetter,"Groovy Salad!","sdcROUND9_Knetter-Groovy_Salad.rar"
9,2006-10-25,8th,Hankataks,"Theme to Cream! Puff!","sdc9_Hankataks-Theme_to_CreamPuff.zip"
9,2006-10-25,9th,etruscan,"Era (Kuklos)","sdc9_Etruscan-Era(Kuklos).zip"
9,2006-10-25,10th,overthruster,"tetris attack is my favorite super game","sdc09_overthruster_tetris_attack_is_my_favorite_super_game.rar"
9,2006-10-25,11th,RobWilliamsJnr,"Aching Aquisition","sdc09_RobWilliamsJnr_AchingAquisition.rar"
9,2006-10-25,12th,Sagosen,"halfway there","sdc9_sagosen-halfway_there.zip"
9,2006-10-25,13th,harold,"Lullaby Redux","sdc09_harold-LullabyRedux.rar"
9,2006-10-25,14th,Relabs,"Tensor hunt","sdc9_Relabs-Tensor_hunt.zip"
10,2006-11-27,1st,Knetter,"Sunset","sdc10_Knetter-Sunset.rar"
10,2006-11-27,2nd,Aged_Sonicade,"Lullaby for the Unloved","sdc10_aged_sonicade-lullaby_for_the_unloved.rar"
10,2006-11-27,2nd,hideki,"Sugoroku","sugoroku.zip"
10,2006-11-27,3rd,RobWilliamsJnr,"Disconnected","sdc10-RobWilliamsJnr-Disconnected.zip"
10,2006-11-27,4th,Relabs,"Si-tarishsphere","sdc10_Relabs_Si_tarishsphere.zip"
10,2006-11-27,5th,andyray,"Three for the Price of One","SDC10_andyray-TFTPO.zip"
10,2006-11-27,6th,sashavukelic,"on the way","sdc10_sashavukelic-ontheway.rar"
10,2006-11-27,7th,ible,"Into The Blue","sdc10_ible-into_the_blue.zip"
10,2006-11-27,8th,crosfire,"hardtekk softporn","sdc10_hakenkreuz-hardtekk_softporn.rar"
10,2006-11-27,9th,Aged,"what's hiding in the woods","sdc10-aged-whats_hiding_in_the_woods.rar"
10,2006-11-27,10th,jamram,"Bypass my 9 inch floppy disk","jamram-bypass_my_9.zip"
10,2006-11-27,11th,BreemiX,"cosmic Train","sdc10_breemix-cosmic_train.rar"
10,2006-11-27,12th,overthruster,"brown bunnies","sdc_10_overthruster_-_brown_bunnies.rar"
10,2006-11-27,13th,Akirra,"Radiowave","sdc10_Akirra_Radiowave.zip"
11,2006-12-26,1st,Sonicade,"The Beatles - Because","sdc11_Sonicade-The_Beatles-Because.rar"
11,2006-12-26,2nd,overthruster,"tax tax tax tax tax tax tax","sdcompo_11_ovr-taxman_rmx.rar"
11,2006-12-26,3rd,JustinCredible,"Lady Madonna - The Just Incredible Psychoactive Mix","sdcROUND11_JustinCredible-LadyMadonna.rar"
11,2006-12-26,4th,RobWilliamsJnr,"ElanorRigby-Tribute","sdc11-RobWilliamsJnr-ElanorRigby.rar"
11,2006-12-26,5th,crosfire,"hey jude (hey hey hey)","sdc11_crosfire-hey_jude_(hey_hey_hey).rar"
11,2006-12-26,6th,sharku,"sixtyfour","sdcround11_sharku-sixtyfour.rns.gz"
12,2007-01-28,1st,Knetter,"Deep River","sdc12_Knetter-Deep_River.rar"
12,2007-01-28,2nd,Mickrip,"In the Context of the Universe","sdc12_MickRip-contextoftheuniverse.rar"
12,2007-01-28,3rd,organic_io,"inflection point","sdc12_dj_io-inflection_point.rar"
12,2007-01-28,4th,PLOVA,"Electronz","sdc12_Electronz_PLOVA.zip"
12,2007-01-28,5th,dEViLOCk,"sLOw mOTiOn sUPERNOVa","sdc12_dEViLOCk-sLOw_mOTiOn_sUPERNOVa.rar"
12,2007-01-28,6th,damon,"Stand of Time","sdc12_damon-Stand_of_Time.zip"
12,2007-01-28,6th,scott,"same old cheese","sdc12_scott-same_old_cheese.rar"
12,2007-01-28,7th,drye,"Let Her Sleep","sdc12_Drye-Let_Her_Sleep.zip"
12,2007-01-28,8th,teajay,"Beyond","sdc12_teajay_beyond.zip"
12,2007-01-28,9th,crosfire,"[s6_7@uR_6u16@","sdc12_crosfire-lsd_tour_guide.zip"
12,2007-01-28,10th,sim,"sdc12_simon_return 0;.xrns","return0.zip"
12,2007-01-28,11th,overthruster,"anal cheese giraffe","ovrsd12.zip"
12,2007-01-28,12th,RobWilliamsJnr,"Horse Shoe","sdc12-RobWilliamsJnr-HorseShoe.rar"
12,2007-01-28,12th,JustinCredible,"Shapeshifter","sdcRound12_JustinCredible-Shapeshifter.rar"
12,2007-01-28,12th,Akirra,"It's a small strange song","sdc12_Akirra_Its_small_strange_song.rar"
12,2007-01-28,13th,Relabs,"Noncarnot","sdc12_Relabs_Noncarnot.zip"
12,2007-01-28,14th,Cadence,"March of Bad Santas","sdc12_Cadence-March_of_Bad_Santas.zip"
12,2007-01-28,AV,Necto_Ulin,"No Chance Left","sdc12_Necto_Ulin-No_chance_left.zip"
12,2007-01-28,AV,Chotoro,"Minute Man","sdc12_Chotoro_-_minuteman.zip"
13,2007-02-28,1st,ruthlinde,"platform game","sdc13_Ruth_Linde-Platform_game.rar"
13,2007-02-28,2nd,PLOVA,"Tester","sdc13_PLOVA_Tester.zip"
13,2007-02-28,3rd,Harmony,"Kenda","sdc13_Harmony-Kenda.zip"
13,2007-02-28,4th,drye,"Moonlight Metro","sdc13_Drye-Moonlight_Metro.zip"
13,2007-02-28,5th,Aged_Sonicade,"Naked on the Dance Floor","sdc13_Sonicade_Aged-Naked_on_the_dance_floor.zip"
13,2007-02-28,6th,djio_mick,"inhale","sdc13_djio_and_mick-inhale.rar"
13,2007-02-28,7th,Chotoro,"Sentient Elevators","sdc13_chotoro_-_sentient_elevators.zip"
13,2007-02-28,8th,RobWilliamsJnr,"Glowing Down","sdc13-RobWilliamsJnr-GlowingDown.rar"
13,2007-02-28,9th,overthruster,"hedgehog","sdc13_overthruster_hedgehog.rar"
13,2007-02-28,10th,RobbingMick,"Horny Astronaut","sdc13-RobbingMick-HornyAstronaut.rar"
13,2007-02-28,11th,andyray,"Springy Black Mohair","sdc13_AndyRay_-_springy_black_mohair.zip"
13,2007-02-28,12th,ambtax1,"Thirstyfirsty","sdc13_ambtax1-Thirstyfirsty.rns.rar"
13,2007-02-28,13th,Necto_Ulin,"Conclave occultus","sd13_Necto_Ulin-Conclave_occultus.rar"
13,2007-02-28,14th,JustinCredible,"Brainstorm","sd13_JustinCredible_Brainstorm.rar"
13,2007-02-28,15th,Thierry_florian,"The dreamer","Thedreamer.rar"
13,2007-02-28,15th,SeanCandy,"Over It Yes","over_it_yes_by_seancandy.zip"
13,2007-02-28,16th,sharku,"Por un ratito mas...","sdc13_sharku_por_un_ratito_mas.xrns.gz"
13,2007-02-28,17th,djioandrobwilliamsjnr,"whispering gallery","sdc13_djio_and_rwj-whispering_gallery.rar"
13,2007-02-28,18th,Akirra,"Beat Reactor","sdc13_Akirra_Beat_reactor.zip"
13,2007-02-28,AV,sim,"Captain Future gets the blues","Captain_Future_gets_the_blues.rar"
13,2007-02-28,AV,crosfire,"give_it_back(or_keep_it-i_don't_care)","sdc13_crosfire-give_it_back(or_keep_it-i_dont_care).zip"
14,2007-04-05,1st,Chotoro,"SCA type 2","sdc14_Chotoro-SCA_type_2.zip"
14,2007-04-05,2nd,JustinCredible,"Let Go (Psychoactivity)","sDC14_JustinCredible_LetGo.rar"
14,2007-04-05,3rd,Thierry_florian,"Zombies revenge","zombies_revenge.rar"
14,2007-04-05,4th,PLOVA,"XIV","sdc14_XIV_!PLOVA.zip"
14,2007-04-05,5th,crosfire,"join or die","sdc14_crosfire-join_or_die.xrns"
14,2007-04-05,6th,scott,"bg looper","sdc14_scott-bg_looper.rar"
14,2007-04-05,7th,hseiken,"Best Wishes","sdcROUND14_HS-BESTWISHES.zip"
14,2007-04-05,8th,RobWilliamsJnr,"Distant","sdc14_RobWilliamsJnr-sdc14-RobWilliamsJnr-Distant.xrns"
14,2007-04-05,9th,Sagosen,"Sleep Darling T-Rex","sdc14-sagosen.zip"
14,2007-04-05,10th,overthruster,"murda murda","sdc14overthruster.rar"
14,2007-04-05,11th,plusminus,"Schism Authority Load","schism_authority_load.gz"
14,2007-04-05,12th,SeanCandy,"Born Warm","sdc14_Born_Warm_by_SeanCandy.xrns"
14,2007-04-05,13th,andyray,"scrubbing out my closet","sdc14_andyray-sdc14_AndyRay-scrubbing_out_my_closet.zip"
14,2007-04-05,14th,Sonicade,"Shortfall","sdc14_Sonicade-shortfall.xrns"
14,2007-04-05,15th,sharku,"Subway Skirmish","sdc14_sharku-subway_skirmish.xrns.gz"
14,2007-04-05,15th,Aged,"my life is a soundtrack","sdc14-aged-my_life_is_a_soundtrack.rar"
14,2007-04-05,16th,maydaycapsize,"The Stars By Name","thestarsbyname.zip"
14,2007-04-05,17th,ambtax1,"odetomyson-thendisco","sdc14_ambtax-odetomyson-thendisco.rar"
14,2007-04-05,18th,malcolm,"For What It's Worth","sdc14_malcolm-For_What_Its_Worth.zip"
14,2007-04-05,19th,Knetter,"Cactus Lemon","sdc14_Knetter-Cactus_Lemon.xrns"
14,2007-04-05,19th,sim,"a_perfect_circle","sdc14_sim-a_perfect_circle.zip"
14,2007-04-05,AV,steg,"geko steps","sdc14_steg-geko_steps.xrns"
14,2007-04-05,AV,cannon_fodder_kate,"goes_friendly_fire","sdc14_cannon_fodder_kate-goes_friendly_fire.xrns"
15,2007-05-01,1st,Knetter,"Canopy Walkway","sdc15_Knetter-Canopy_Walkway.xrns"
15,2007-05-01,2nd,Mickrip,"A Glass Half Full","sdc15_mickrip-aglasshalffull.xrns"
15,2007-05-01,3rd,PLOVA,"Silhouette","sdc15_PLOVA-sdc15_Silhouette_!PLOVA.zip"
15,2007-05-01,4th,overthruster,"kimchee pork","sdc15_overthruster-sdc15_overthruster_kimchee_pork.rar"
15,2007-05-01,5th,plusminus,"With Bloodshot Eyes","with_bloodshot_eyes.it.gz"
15,2007-05-01,6th,ambtax1,"Life through the eyes of my dream","sdc15_ambtax1-life_through_the_eyes_of_my_dream.rar"
15,2007-05-01,7th,organic_io,"windward concourse","sdc15_Dj_io-windward_concourse.rar"
15,2007-05-01,8th,calvin,"Pocket Rockets","sdc15_calvin-pocket_rockets.zip"
15,2007-05-01,9th,CAG,"The May Fog","sdc15_CAG-themayfog.zip"
15,2007-05-01,10th,Chotoro,"Parade of the vacuum cleaners","sdc15_Chotoro-Parade_of_the_vacuum_cleaners.rar"
15,2007-05-01,10th,Relabs,"At the edge of phase space","sdc15_Relabs-AtTheEdgeOfPhaseSpace.zip"
15,2007-05-01,11th,Sagosen,"Elixia","sdc15_Sagosen-sdc15-sagosen-elixia.zip"
15,2007-05-01,11th,andyray,"Picking a dogend","sdc15_andyray-Picking_a_dogend.zip"
15,2007-05-01,12th,Sonicade,"Looking for Work","sdc15_Sonicade-Looking_for_Work.xrns"
15,2007-05-01,13th,else1,"15 Strange Thoughts","sdc15_else1-15StrangeThoughts.zip"
15,2007-05-01,14th,sim,"Magnesia","sdc15_sim-Magnesia.xrns"
15,2007-05-01,15th,malcolm,"Why Not","Why_Not.zip"
15,2007-05-01,15th,aGIANTpupafish,"Tokyo Dragon","sdc15_aGIANTpupafish-Tokyo_Dragon.rar"
15,2007-05-01,16th,crosfire,"considering amputation","sdc15_crosfire-sdc15_crosfire-considering_amputation.zip"
15,2007-05-01,16th,RobWilliamsJnr,"Training","sdc15_RobWilliamsJnr-sdc15-RobWilliamsJnr-Training.xrns"
16,2007-06-30,1st,keith303,"3 days until yesterday","sdc16_keith303-3_days_until_yesterday.rar"
16,2007-06-30,2nd,Knetter,"Modular Fraction","sdc16_Knetter-sdc16_Knetter-Modular_Fraction.xrns"
16,2007-06-30,3rd,Sonicade,"Oriental Flyby","sdc16_Sonicade-Oriental_Flyby.xrns"
16,2007-06-30,4th,JustinCredible,"Blazar (Blazing Star)","sdc16_JustinCredible-Blazar.rar"
16,2007-06-30,5th,CAG,"oceandust","oceandust.zip"
16,2007-06-30,6th,overthruster,"impregnated by a turtle","sdc16_overthruster-overthruster_sdc16_-_impregnated_by_a_turtle.zip"
16,2007-06-30,7th,sim,"Guinea-Pig","sdc16_sim-Guinea-Pig.xrns"
16,2007-06-30,8th,Dreamer,"Restrains","sdc16_Dreamer-Restrains.rar"
16,2007-06-30,9th,n1k-o,"sdcompocoming","sdc16_n1k-o-sdcompocoming.rar"
16,2007-06-30,9th,n0zz,"Molfrecht","sdc16_n0zz-sdc16__M-.-n__Molfrecht.rar"
16,2007-06-30,10th,ambtax1,"This is wrong","sdc16_ambtax1-This_is_wrong.xrns"
16,2007-06-30,11th,andyray,"SOLARIS","sdc16_andyray-solaris.zip"
16,2007-06-30,12th,pseudomuso,"n00b_got_L00sE","sdc16_pseudomuso-n00b_got_L00sE.zip"
16,2007-06-30,13th,crosfire,"no destiny","sdc16_crosfire-sdc16_crosfire-no_destiny.zip"
16,2007-06-30,14th,aGIANTpupafish,"Silver Medal","sdc16_aGIANTpupafish-SilverMedal.zip"
16,2007-06-30,15th,Relabs,"Illusion journey","sdc16_Relabs-Illusion_journey.zip"
16,2007-06-30,16th,directionless,"unFaithful Devotion","sdc16_directionless-unFaithfulDevotion.rar"
17,2007-07-31,1st,keith303,"due midnight","sdc17_keith303-due_midnight.rar"
17,2007-07-31,2nd,crosfire,"plastic_eraser","sdc17_crosfire-sdc17_crosfire-plastic_eraser.zip"
17,2007-07-31,3rd,CAG,"Frozen Quiet","sdc17_CAG-frozen_quiet.zip"
17,2007-07-31,4th,overthruster,"tadpole","overthrustersdc17tadpole.rar"
17,2007-07-31,5th,pseudomuso,"moodswings","sdc17_pseudomuso-moodswings.xrns"
17,2007-07-31,6th,ebb,"trinity","sdc17_ebb-trinity.rar"
17,2007-07-31,7th,RobWilliamsJnr,"Fourteen Hours (On a Plane)","sdc17_RobWilliamsJnr-sdc17-RobWilliamsJnr-FourteenHours.zip"
17,2007-07-31,8th,uint,"you better stay home tonight","sdc17_uint-you_better_stay_home_tonight.rar"
17,2007-07-31,9th,ambtax1,"vacuum","sdc17_ambtax1-Vacuum.rar"
17,2007-07-31,10th,Relabs,"Rushes","sdc17_Relabs-rushes.zip"
17,2007-07-31,11th,aGIANTpupafish,"Invasion","sdc17_aGIANTpupafish-Invasion.rar"
17,2007-07-31,12th,Steve,"Long Night on the Moon","sdc17_Steve-Long_Night_On_The_Moon.zip"
17,2007-07-31,AV,OpticalAtrophy,"Sunrise","sdc17_OpticalAtrophy-Sunrise.rar"
17,2007-07-31,AV,sim,"Captain Future takes a walk on Planet 50SoJi1M","sdc17_sim-SIM-COMPO17.xrns"
18,2007-08-31,1st,keith303,"steambath","sdc18_keith303-steambath.rar"
18,2007-08-31,2nd,Mickrip,"Serious Face","seriousface.zip"
18,2007-08-31,3rd,Aged,"charles the humping robot","sdc18_aged-charles_the_humping_robot.rar"
18,2007-08-31,4th,JustinCredible,"Acoustics Illusion","sdc18_JustinCredible-Acoustics_IllusionSD18.rar"
18,2007-08-31,5th,plusminus,"Whimsy Interface","whimsy_interface.zip"
18,2007-08-31,6th,aGIANTpupafish,"Summer Garden","sdc18_aGIANTpupafish-Summer_Garden.zip"
18,2007-08-31,7th,sam_m,"Antarctica","antarctica.zip"
18,2007-08-31,8th,directionless,"Digital Ruins","DigitalRuins.rar"
18,2007-08-31,9th,Dreamer,"Hovering Daydream","sdc18_Dreamer-Hovering_Daydream.zip"
18,2007-08-31,10th,Steve,"Swinging From An Elm","sdc18_Steve-Swinging_from_an_elm.zip"
18,2007-08-31,11th,CAG,"footwork in the 16-bit world","footwork.zip"
18,2007-08-31,12th,Marko,"Alone On Windy Moon","sdc18_Marko-alone-on-windy-moon.zip"
18,2007-08-31,13th,hexmode,"Fibrin Glue Injection","sdc18_mutilus-fibrin-glue-injection.zip"
18,2007-08-31,14th,ambtax1,"chemiclas are a strange thing","sdc18_ambtax1-chemicals_are_a_strange_thing.xrns"
19,1999-11-30,1st,Aged,"time machine","sdc19_Aged-sdc19-aged-time_machine.rar"
19,1999-11-30,2nd,ambtax1,"The first Casualty....","sdc19_ambtax1-The first casualty.....rar"
19,1999-11-30,3rd,keith303,"ride the lightning","sdc19_keith303-ride_the_lightning.rar"
19,1999-11-30,4th,Chotoro,"To win the milk of our dawn","sdc19_Chotoro-to_win_the_milk_of_our_dawn.xrns"
19,1999-11-30,4th,JustinCredible,"eNERGY fLOW","sdc19_JustinCredible-eNERGYfLOW.rar"
19,1999-11-30,5th,MattyBoJangles,"bachikogi","sdc19_MattyBoJangles-bachikogi.zip"
19,1999-11-30,6th,andyray,"BeanSprout","sdc19_andyray-beansprout.zip"
19,1999-11-30,7th,aGIANTpupafish,"My Drawbridge","sdc19_aGIANTpupafish-My_Drawbridge.zip"
19,1999-11-30,7th,Marko,"Impro tuning before Sara","sdc19_Marko-impro_tuning_before_Sara.zip"
19,1999-11-30,AV,CAG,"orion","sdc19_CAG-orion.zip"
20,2007-10-31,1st,keith303,"evaluate your life","sdc20_keith303-sdc20_keith303_-_evaluate_your_life.rar"
20,2007-10-31,2nd,Harmony,"Defuse","sdc20_Harmony-Defuse.rar"
20,2007-10-31,3rd,tenfour,"The Last Resort","sdc20_tenfour-TheLastResort.zip"
20,2007-10-31,4th,Aged,"roadmap to hell","sdc20_Aged-sdc20-aged-roadmap_to_hell.zip"
20,2007-10-31,5th,RobWilliamsJnr,"Was She Here","sdc20_RobWilliamsJnr-sdc20-RobWilliamsJnr-WasSheHere.xrns"
20,2007-10-31,6th,JustinCredible,"Aero Dynamix","sdc20_JustinCredible-AeroDynamix.rar"
20,2007-10-31,7th,ambtax1,"My best friend is a vampire","sdc20_ambtax1-My_best_friend_is_a_vampire..rar"
20,2007-10-31,8th,directionless,"Get My Candy (la la la)","sdc20_directionless-GetMyCandy(lalala).rar"
20,2007-10-31,9th,Marko,"Taikamalja","sdc20_Marko-Taikamalja.zip"
21,2007-12-01,1st,tenfour,"Chinese Identity Conflict","sdc21_tenfour-ChineseIdentityConflict.zip"
21,2007-12-01,2nd,Chotoro,"This is rabbit country!","sdc21_Chotoro-this_is_rabbit_country.xrns"
21,2007-12-01,3rd,Sonicade,"The Unknown","sdc21_Sonicade-The_Unknown.xrns"
21,2007-12-01,4th,ambtax1,"Never been to Ibiza","sdc21_ambtax1-Never_been_to_Ibiza.xrns"
21,2007-12-01,5th,Aged,"head down","sdc21_aged-head_down.zip"
21,2007-12-01,6th,organic_io,"flittered out","sdc21_Dj_io-flittered_out.rar"
21,2007-12-01,7th,iddy,"The Space Between Our Reaching Arms","sdc21_iddy-the_space_between_our_reaching_arms.zip"
21,2007-12-01,7th,directionless,"Prophetic Reasoning","sdc21_directionless-PropheticReasoning.rar"
21,2007-12-01,8th,auxie,"Dreaming of the Stars","sdc21_auxie-dreaming_of_the_stars.zip"
21,2007-12-01,9th,JustinCredible,"mY fEET dONT tOUCH tHE gROUND","sdc21_JustinCredible-Myfeet.rar"
21,2007-12-01,9th,techtonic,"Shades","shades.zip"
21,2007-12-01,10th,PLOVA,"Ark","sdc21_PLOVA-!PLOVA-ARK.zip"
21,2007-12-01,11th,aGIANTpupafish,"Stargazer","sdc21_aGIANTpupafish-Stargazer.rar"
21,2007-12-01,12th,joltz,"Second Thoughts","sdc21_joltz-second_thoughts.zip"
21,2007-12-01,13th,BruchFrei,"Makeato Growth","sdc21_BruchFrei-Makeato_Growth.zip"
21,2007-12-01,14th,Steve,"A race around the world","sdc21_Steve-A_race_around_the_world.zip"
22,2007-12-31,1st,Chotoro,"The Winter Song","sdc22_Chotoro-the_winter_song.xrns"
22,2007-12-31,2nd,directionless,"Merry Fucking Christmas","sdc22_directionless-MerryFuckingChristmas.rar"
22,2007-12-31,3rd,Mickrip,"Remember What It Is","mickrip_robbief_rememberwhatitis.xrns"
22,2007-12-31,4th,Aged,"santa is dead","sdc22_Aged-sdc22-aged-santa_is_dead.xrns.zip"
22,2007-12-31,5th,CAG,"winter break coffee","sdc22_CAG-winter_break_coffee.zip"
22,2007-12-31,5th,ambtax1,"Christmas Disco","sdc22_ambtax1-Sdchristmas2007entry.xrns"
22,2007-12-31,6th,aGIANTpupafish,"Away in a Manger (Ready, Steady, Go!)","sdc22_aGIANTpupafish-Away_in_a_Manger_(Ready,_Steady,_Go!).rar"
23,2008-02-01,1st,tenfour,"The Polar Bear Stomp","sdc23_tenfour-ThePolarBearPounce.zip"
23,2008-02-01,2nd,ambtax1,"Evolution","sdc23_ambtax1-Evolution_.rar"
23,2008-02-01,3rd,RobWilliamsJnr,"Highway 427","sdc23_RobWilliamsJnr-Highway427.xrns"
23,2008-02-01,4th,Sonicade,"Development","sdc23_Sonicade-Development.xrns"
23,2008-02-01,5th,aGIANTpupafish,"Chef's Dance","sdc23_aGIANTpupafish-Chef_s_Dance.zip"
23,2008-02-01,6th,JustinCredible,"mY hEALING","sdc23_JustinCredible-mY_hEALING.rar"
23,2008-02-01,7th,hexmode,"Berry","sdc23_mutilus-berry.zip"
23,2008-02-01,8th,CAG,"cloudjumping","sdc23_CAG-cloudjumping.it.gz"
23,2008-02-01,9th,Marko,"Razor Street","sdc23_Marko-Razor_Street.zip"
23,2008-02-01,10th,Mutilus_D-less,"Sleep Ledger","sdc23_Mutilus_D-less-sdcompo23.rar"
23,2008-02-01,10th,Shadowbane,"That great party in the sky","sdc23_Shadowbane-That_great_party_in_the_sky_(sdc23)_.rar"
23,2008-02-01,AV,iddy,"frappe","sdc23_iddy-frappe.zip"
24,2008-03-03,1st,tenfour,"Big Truffle in Little China","sdc24_tenfour-tenfour-Big_Truffle_in_Little_China.zip"
24,2008-03-03,2nd,keith303,"all beauty fades with the blink of an eye","sdc24_keith303-all_beauty_fades_with_the_blink_of_an_eye.rar"
24,2008-03-03,3rd,ambtax1,"My happiness is on the inside","sdc24_ambtax1-My_happiness_is_on_the_inside.rar"
24,2008-03-03,4th,CAG,"macabre royale","sdc24_CAG-macabre_royale.zip"
24,2008-03-03,5th,iddy,"Rain in the Neon Night","sdc24_iddy-rain_in_the_neon_night.zip"
24,2008-03-03,6th,aGIANTpupafish,"Release","sdc24_aGIANTpupafish-Release.rar"
24,2008-03-03,7th,JustinCredible,"iNTOXICATE","sdc24_JustinCredible-Intoxicate.rar"
24,2008-03-03,8th,sim,"disappointing_dawn","sdc24_sim-disappointing_dawn.zip"
24,2008-03-03,9th,MattyBoJangles,"Applecapps","sdc24_MattyBoJangles-applecapps.zip"
24,2008-03-03,10th,Shadowbane,"The art of banging on stuff with sticks","sdc24_Shadowbane-The_art_of_banging_on_stuff_with_sticks.rar"
24,2008-03-03,AV,Storm,"Dancehall","sdc24_Storm-Dancehall.rar"
24,2008-03-03,AV,Harmony,"Unfinished","sdc24_Harmony-unfinished.zip"
25,2008-04-02,1st,keith303,"no more looking back","sdc25_keith303-no_more_looking_back.rar"
25,2008-04-02,2nd,ageDirectionless,"Children At War - Part 2 ( toy soldiers )","sdc25_agedirectionless-children_at_war_part_2.zip"
25,2008-04-02,3rd,mickrip_mmd,"Freedom","sd25_mmd_mickrip_freedom.xrns"
25,2008-04-02,4th,organic_io,"Reason To Believe","sdc25_organic_io-reason_to_believe.xrns"
25,2008-04-02,5th,Knetter,"Enchantment","sdc25_Knetter-Enchantment.rar"
25,2008-04-02,6th,DDtMM,"The End of Time","sdc25_DDtMM-TheEndOfTime.rar"
25,2008-04-02,7th,ambtax1,"Peace, love, harmony","sdc25_ambtax1-Peace,_love,_harmony.rar"
25,2008-04-02,8th,drye,"Demo Guava Of The Eight Mayo","sdc25_drye-Demo_Guava_Of_The_Eight_Mayo.zip"
25,2008-04-02,9th,reiven,"indeed","sdc25_reiven-indeed.rar"
25,2008-04-02,10th,hexmode,"Paco","sdc25_mutilus-paco.zip"
25,2008-04-02,11th,sim,"Hellcat5","sdc25_sim-Hellcat5.xrns"
25,2008-04-02,11th,CAG,"journeyplace","sdc25_CAG-journeyplace.zip"
25,2008-04-02,12th,aGIANTpupafish,"Pursuit","sdc25_aGIANTpupafish-Pursuit.zip"
25,2008-04-02,12th,directionless,"Reign of Terror","sdc25_directionless-ReignofTerror.rar"
25,2008-04-02,13th,JustinCredible,"Into the Sky","sdc25_JustinCredible-Into_the_Sky.rar"
25,2008-04-02,13th,Shadowbane,"Electron Flow (live)","sdc25_Shadowbane-Electron_Flow_(Live).rar"
25,2008-04-02,AV,steg,"crucifiction's a routine","sdc25_steg-crucifiction_is_a_routine.xrns"
26,2008-05-03,1st,keith303,"jitter","sdc26_keith303-jitter.rar"
26,2008-05-03,2nd,Knetter,"Sector 7","sdc26_Knetter-Sector_7.xrns"
26,2008-05-03,3rd,Chotoro,"I feel there is more to it","sdc26_Chotoro-i_feel_there_is_more_to_it.xrns"
26,2008-05-03,4th,organic_io,"firmament","sdc26_organic_io-firmament.rar"
26,2008-05-03,5th,nt,"okay","sdc26_nt-okay.zip"
26,2008-05-03,6th,Disco_Calienteness,"Summer Angel","sdc26_Disco_Calienteness-summer_angel.rar"
26,2008-05-03,7th,ambtax1,"The end of the road","sdc26_ambtax1-The_end_of_the_road.xrns"
26,2008-05-03,8th,CAG,"corazón","sdc26_CAG-sdc25_CAG-corazon.xrns"
26,2008-05-03,9th,JustinCredible,"cAT mOON","sdc26_JustinCredible-cATmOON.rar"
26,2008-05-03,10th,mizmick,"dawn","sd26_mizmick_dawn.zip"
26,2008-05-03,11th,hexmode,"Myrmica","sdc26_mutilus-myrmica.zip"
26,2008-05-03,12th,gfk,"230 - 3","sdc26_gfk-gfk_-_230_-_3.rns.gz"
26,2008-05-03,12th,Maim,"Gokul","sdc26_Maim-gokul.zip"
26,2008-05-03,AV,joltz,"Rubidium","sdc26_joltz-Rubidium.zip"
26,2008-05-03,AV,steg,"monkey drumer (live)","sdc26_steg-monkey_drummer.xrns"
26,2008-05-03,AV,sim2,"simon2","sdc26_sim2-xxx.xrns"
27,2008-06-02,1st,tenfour,"Doing Life","sdc27_tenfour-Doing_Life.zip"
27,2008-06-02,2nd,nt,"Just another song (looped xrns)","sdc27_nt-just_another_song.rar"
27,2008-06-02,3rd,keith303,"surrounded by myself","sdc27_keith303-surrounded_by_myself.rar"
27,2008-06-02,4th,k303-nt,"an insight into the abyss of our strangest dreams","sdc27_k303-nt-an_insight_into_the_abyss_of_our_strangest_dreams.rar"
27,2008-06-02,5th,organic_io,"Ockham's Razor","sdc27_organic_io-ockham_s_razor.rar"
27,2008-06-02,6th,ambtax1,"Psionic Daydream - kaer trouz (mix ambtax1)","sdc27_ambtax1-Psionic_Daydream_SDC27_Kaer_Trouz-ambtax1_electro_mix.xrns"
27,2008-06-02,7th,directionless,"Lego my Ego","sdc27_directionless-LegoMyEgo.rar"
27,2008-06-02,8th,Cab,"Tracing the Track","sdc27_Cab-Tracing_the_Track.zip"
27,2008-06-02,9th,andyray,"NUMBER 27","sdc27_AndyRay_-_number27.zip"
27,2008-06-02,10th,BruchFrei,"New Day","sdc27_BruchFrei-Sound_Evo_-_27_-_New_Day.zip"
27,2008-06-02,10th,hexmode,"Otter","sdc27_mutilus-otter.zip"
27,2008-06-02,11th,aGIANTpupafish,"Hypnosis","sdc27_aGIANTpupafish-Hypnosis.rar"
27,2008-06-02,12th,Shadowbane,"raspberry sherbet","sdc27_Shadowbane-Raspberry_Sherbet.rar"
27,2008-06-02,AV,joltz,"Azimuth Basstitus","sdc27_joltz-AzimuthBasstitus.zip"
27,2008-06-02,AV,steg,"mdk jdk gdb gdb","sdc27_steg-mdk_jdk_gdb_gdb.xrns"
27,2008-06-02,AV,getto_jumparound,"bullet-proof","sdc27_getto_jumparound-bullet-proof.xrns"
27,2008-06-02,AV,al_signs_art_thou,"chaos_cross","sdc27_al_signs_art_thou-chaos_cross.xrns"
28,2008-07-03,1st,Refive,"Common Descent","sdc28_Refive-common_descent.rar"
28,2008-07-03,2nd,Knetter,"Going Home","sdc28_Knetter-going_home.xrns"
28,2008-07-03,3rd,Sonicade,"Arabian Nights","sdc28_Sonicade-Arabia.xrns"
28,2008-07-03,3rd,aGIANTpupafish,"Set Free","sdc28_aGIANTpupafish-Set_Free.rar"
28,2008-07-03,4th,ambtax1,"Music by numbers","sdc28_ambtax1-Music_by_numbers.rar"
28,2008-07-03,5th,ETR,"Silma Fookus","sdc28_ETR-eeter_-_Silma_Fookus_(feat_Lord).zip"
28,2008-07-03,6th,CAG,"lubrifonk","sdc28_CAG-lubrifonk.zip"
28,2008-07-03,7th,JustinCredible,"Message","sdc28_JustinCredible-Message.rar"
28,2008-07-03,8th,joltz,"Full Moon Flat Tire","sdc28_joltz-FullMoonFlatTire.zip"
28,2008-07-03,9th,andyray,"BRUCE","sdc28_andyray-SDC28_AndyRay_-_BRUCE.zip"
28,2008-07-03,10th,chunter,"Sunshower","sdc28_chunter-sunshower.zip"
28,2008-07-03,11th,TeamPsycle,"Gravy Train","sdc28_TeamPsycle-GravyTrain.rar"
28,2008-07-03,12th,DrumAliens,"He is Evil","sdc28_DrumAliens-he_is_evil.xrns"
28,2008-07-03,13th,hexmode,"Sunburner","sdc28_mutilus-sunburner.zip"
28,2008-07-03,14th,Marko,"Canto Border on Arbitrariness","sdc28_Marko-Canto_Border_on_Arbitrariness.zip"
29,2008-08-04,1st,Mickrip,"Ode to Casio","sdc29_mickrip-mickrip_odetocasio.xrns"
29,2008-08-04,2nd,Knetter,"Blackhole One","sdc29_Knetter-blackhole_one.xrns"
29,2008-08-04,3rd,aGIANTpupafish,"Despite...","sdc29_aGIANTpupafish-Despite.zip"
29,2008-08-04,4th,Sonicade,"Back in 1985","sdc29_Sonicade-Back_in_1985.xrns"
29,2008-08-04,5th,iddy,"slipstream","sdc29_iddy-slipstream.zip"
29,2008-08-04,6th,Necto_Ulin,"Last roller","sdc29_Necto_Ulin-Last_roller.xrns"
29,2008-08-04,7th,Airmann,"Nerve Trippin'","sdc29_Airmann-airmann__nerve_trippin.zip"
29,2008-08-04,8th,directionless,"Arpiness","sdc29_directionless-Arpiness.rar"
29,2008-08-04,9th,ambtax1,"What can't be","sdc29_ambtax1-SDC29_what_can_t_be_.xrns"
29,2008-08-04,9th,sam_m,"white dots","sdc29_sam_m-sam_mottaghi-white_dots.xrns"
29,2008-08-04,10th,ETR,"Strawberryvomit","sdc29_ETR-eeter_-_starwberryvomit.xrns"
29,2008-08-04,11th,chunter,"What the Dub","sdc29_chunter-wtd.rar"
29,2008-08-04,12th,JustinCredible,"Mindflower","sdc29_JustinCredible-Mindflower.rar"
29,2008-08-04,13th,Disco_Calienteness,"Meridian Stack","sdc29_Disco_Calienteness-meridian_stack.rar"
29,2008-08-04,13th,Taiyal,"Round 29 Last Place","sdc29_Taiyal-Round_29_Last_Place.rar"
29,2008-08-04,14th,k0wax,"sdc29test","sdc29_k0wax-sdc29test.zip"
29,2008-08-04,15th,Marko,"Icicle ark at crusades","sdc29_Marko-Icicle-ark-at-crusades.zip"
29,2008-08-04,16th,Shadowbane,"Haphazard Nostalgia","sdc29_Shadowbane-Haphazard_Nostalgia.psy.rar"
29,2008-08-04,17th,hexmode,"noxa","sdc29_mutilus-noxa.zip"
29,2008-08-04,18th,gfk,"The stars are bright","sdc29_gfk-gfk_-_250_-_4.rar"
29,2008-08-04,AV,Aged_Sonicade,"Skystation Burning","sdc29_Aged_Sonicade-sdc29_sonicaged-skystation_burning.xrns"
30,2008-09-02,1st,ELnatural,"Soft Irish Weather","sdc30_ELnatural-2SoftIrishWeather.rar"
30,2008-09-02,2nd,Airmann,"Rainy Sun","sdc30_Airmann-Rainy_Sun.zip"
30,2008-09-02,3rd,juolac,"Something out of nothing.zip","Something_out_of_nothing.zip"
30,2008-09-02,4th,chunter,"A 90s Platform Game","sdc30_chunter-A_90s_Platform_Game.zip"
30,2008-09-02,5th,Knetter,"Influence","sdc30_Knetter-influence.xrns"
30,2008-09-02,6th,organic_io,"brambles","sdc30_organic_io-brambles.rar"
30,2008-09-02,7th,andyray,"Those Days Are Gone","sdc30_andyray-SDC30_AndyRay_-_Those_Days_Are_Gone.zip"
30,2008-09-02,8th,ambtax1,"Casino lunge","sdc30_ambtax1-SDC_30_Casino_lunge.rar"
30,2008-09-02,9th,nt,"bedoone man","sdc30_nt-bedoone_man.zip"
30,2008-09-02,9th,Mickrip,"Love Is Everything","loveiseverything.xrns"
30,2008-09-02,10th,AnnonAshera,"Howce-uh-rest","sdc30_AnnonAshera-Howce-uh-rest.rar"
30,2008-09-02,11th,hexmode,"Deadlegs","sdc30_mutilus-deadlegs.zip"
30,2008-09-02,11th,gfk,"Insects","sdc30_gfk-gfk_-_262_-_10.rar"
30,2008-09-02,12th,BruchFrei,"Eriol","sdc30_BruchFrei-Bruch_Frei_-_Round_30_-_Eriol.zip"
30,2008-09-02,13th,Shadowbane,"Mechanical Jungle","sdc30_Shadowbane-Mechanical_Jungle.psy.rar"
30,2008-09-02,13th,Cab,"Guitar Zero","sdc30_Cab-Guitar_Zero.zip"
30,2008-09-02,AV,Taiyal,"_","sdc30_Taiyal-_.tar.gz"
31,2008-09-30,1st,Knetter,"Follow Up","sdc31_Knetter-follow_up.xrns"
31,2008-09-30,2nd,iddy,"1000 miles","sdc31_iddy-1000_miles.zip"
31,2008-09-30,3rd,antismap,"cyclic dream","sdc31_antismap-cyclic_dream.rar"
31,2008-09-30,4th,chunter,"Amoxicilin For Ears","sdc31_chunter-sdc31_amoxicilinforears.zip"
31,2008-09-30,5th,juolac,"Wrapped around","sdc31_juolac-wrappedaround.xrns"
31,2008-09-30,6th,andyray,"A Little Ditty","sdc31_andyray-SDC31_AndyRay_-_A_little_ditty.zip"
31,2008-09-30,7th,Airmann,"Meaning Of Life","sdc31_Airmann-meaning_of_life.zip"
31,2008-09-30,8th,aGIANTpupafish,"Linear Inequalities","sdc31_aGIANTpupafish-Linear_Inequalities.zip"
31,2008-09-30,9th,AnnonAshera,"Mood_CHANGE","sdc31_AnnonAshera-mood_CHANGE.rar"
31,2008-09-30,10th,rawspectra,"pn nd ppr","sdc31_rawspectra-pn_nd_ppr.zip"
31,2008-09-30,11th,sim,"aint_no_underground","sdc31_sim-sim-aint_no_underground.xrns"
31,2008-09-30,11th,hexmode,"Gut Brane","sdc31_mutilus-gut-brane.zip"
31,2008-09-30,11th,ambtax1,"pee anno","sdc31_ambtax1-pee_anno.xrns"
31,2008-09-30,12th,DrumAliens,"Stickman Waxes","sdc31_DrumAliens-stickman_waxes.xrns"
31,2008-09-30,AV,iNTERLuNe,"I will be back","sdc31_ViZiON-I_will_be_back.rar"
32,2008-10-27,1st,Knetter,"Sketches of the Mind","sdc32_Knetter-sketches_of_the_mind.xrns"
32,2008-10-27,2nd,chunter,"Ordinary Day","sdc32_chunter-Ordinary_Day.zip"
32,2008-10-27,3rd,CAG,"execution vertigo","sdc32_CAG-execution_vertigo.xrns"
32,2008-10-27,4th,Elephark,"walnut","sdc32_Elephark-walnut.zip"
32,2008-10-27,5th,Airmann,"Turbulences","sdc32_Airmann-turbulences.zip"
32,2008-10-27,6th,Team_CaNNon,"Brief Chemist","sdc32_Team_CaNNon-BriefChemist.xrns"
32,2008-10-27,7th,agargara,"antglitch","sdc32_agargara-antglitch.zip"
32,2008-10-27,8th,iNTERLuNe,"In search of the starfish","sdc32_ViZiON-In_search_of_the_starfish.rar"
32,2008-10-27,9th,andyray,"Coin Phrase","sdc32_andyray-SDC32_Andy_Ray_-_Coin_Phrase.zip"
32,2008-10-27,10th,ambtax1,"The Case of the Possessed Chip-olata","sdc32_ambtax1-sdc32_The_Case_of_the_Possessed_Chip-olata.rar"
32,2008-10-27,11th,trackernoob,"I Cant Draw","MikeSmith-I_Cant_Draw.rar"
32,2008-10-27,12th,rawspectra,"defeating the boss","sdc32_rawspectra-defeating_the_boss.xrns"
32,2008-10-27,12th,Marko,"Curved Gate in Moonlight","sdc32_Marko-Curved-gate-in-moonlight.zip"
33,2008-11-30,1st,Chotoro,"Slings, arrows and ringmail","sdc33_Chotoro-slings_arrows_and_ringmail.xrns"
33,2008-11-30,2nd,CAG,"ode to casio (cag remix)","sdc33_CAG-odetocasiormx_lofi.xrns"
33,2008-11-30,3rd,Mickrip,"The Knetter","mickrippon_theknetter.xrns"
33,2008-11-30,4th,Airmann,"Ruth ank amon Exodus Remix","sdc33_Airmann-ruth_ank_amon_exodus_remix.zip"
33,2008-11-30,5th,Sonicade,"Orange Message","sdc33_Sonicade-Orange_Message.xrns"
33,2008-11-30,6th,aGIANTpupafish,"Frozen Quiet (aGIANTremix)","sdc33_aGIANTpupafish-Frozen_Quiet_(aGIANTremix).zip"
33,2008-11-30,7th,chunter,"Music By Numbers (chunter remix)","sdc33_chunter-Music_By_Numbers-chunter_remix.zip"
33,2008-11-30,8th,agargara,"HS - \"Best Wishes (worst wishes mix)\"","sdc33_agargara-bestWishes(worstMix).zip"
33,2008-11-30,9th,organic_io,"Closing Time","sdc33_organic_io-ClosingTime.rar"
33,2008-11-30,10th,Marko,"Marmicas","sdc33_Marko-Marmicas.zip"
33,2008-11-30,11th,Elephark,"wabbitz","sdc33_Elephark-wabbitz.zip"
33,2008-11-30,12th,Shadowbane,"The First Casualty...","sdc33_Shadowbane-the_first_casualty.psy.zip"
34,2009-01-03,1st,Chotoro,"Camouflage Bells","sdc34_Chotoro-camouflage_bells.xrns"
34,2009-01-03,2nd,agargara,"Carol of the Bulls  ","sdc34_agargara-carolOfTheBulls.zip"
34,2009-01-03,3rd,juolac,"Cheezy Christmas","avemoire-acheezychristmas.xrns"
34,2009-01-03,4th,Mickrip,"It's Christmas Time Again","mickrippon_christmastimeagain_radioedit.xrns"
34,2009-01-03,5th,JustinCredible,"Snowflake","sdc34_JustinCredible-Snowflake.rar"
34,2009-01-03,6th,cralias,"Frozen Flowers","sdc34_cralias-frozen_flowers.rar"
34,2009-01-03,7th,chunter,"darkest night of the year","sdc34_chunter-darkest_night_of_the_year.rar"
34,2009-01-03,8th,ambtax1,"white christmas","sdc34_ambtax1-white_christmas_.xrns"
34,2009-01-03,9th,Airmann,"Born 2 Die","sdc34_Airmann-born_2_die.zip"
34,2009-01-03,10th,Disco_Calienteness,"The Spirit","sdc34_Disco_Calienteness-the_spirit.xrns"
34,2009-01-03,11th,aGIANTpupafish,"White Christmas","sdc34_aGIANTpupafish-White_Christmas.zip"
34,2009-01-03,12th,twoast,"merry christmas to all of my ex-girlfriends","sdc34_twoast-muumuu_1.zip"
34,2009-01-03,13th,40WPM,"A very gabba christmas","sdc34_40WPM-A_very_gabba_christmas.zip"
34,2009-01-03,AV,CAG,"snowstorm","sdc34_CAG-snowstorm.zip"
35,2009-02-09,1st,ambtax1,"Tailored","sdc35_ambtax1-sdc35_Tailored.xrns"
35,2009-02-09,2nd,juolac,"Feel your heart started","sdc35_juolac-feel_your_heart_started.xrns"
35,2009-02-09,3rd,chunter,"It's a New Day","sdc35_chunter-sdc35_Its_a_New_Day.zip"
35,2009-02-09,4th,agargara,"The Fabulous Suburban Life of Mister Jones","sdc35_agargara-misterJones.zip"
35,2009-02-09,5th,Knetter,"Meltdown","sdc35_Knetter-Meltdown.xrns"
35,2009-02-09,6th,nt,"Longing for Summer","sdc35_nt-nt_-_longing_for_summer.xrns.zip"
35,2009-02-09,7th,Chotoro,"Heart of Blood and Wax","sdc35_Chotoro-heart_of_blood_and_wax.xrns"
35,2009-02-09,8th,Airmann,"We Come In Peace","sdc35_Airmann-we_come_in_peace.zip"
35,2009-02-09,9th,aGIANTpupafish,"Fifty Four","sdc35_aGIANTpupafish-FiftyFour.rar"
35,2009-02-09,10th,cralias,"Dreamrider","sdc35_cralias-dreamrider.xrns"
35,2009-02-09,11th,Astroboy,"Forever","sdc35_Astroboy-forever.zip"
35,2009-02-09,11th,BleedingLiver,"Strangled for Pleasure","sdc35_BleedingLiver-strangled_for_pleasure.tar.gz"
35,2009-02-09,12th,CAG,"Madmen Mafia","sdc35_CAG-madmenmafia.xrns"
35,2009-02-09,13th,BruchFrei,"Unnamed","sdc35_BruchFrei-Bruch_Frei_-_Round_35.zip"
35,2009-02-09,14th,JustinCredible,"Burst","sdc35_JustinCredible-Burst.rar"
35,2009-02-09,15th,iNTERLuNe,"Old games will never die !","sdc35_iNTERLuNe-Old_games_will_never_die.rar"
35,2009-02-09,AV,kalachnikov,"Happy Light","sdc35_kalachnikov-Happy_Light.rar"
36,2009-03-12,1st,keith303,"stuck in the beehive","sdc36_keith303-stuck_in_the_beehive.zip"
36,2009-03-12,2nd,tenfour,"Escalier","sdc36_tenfour-Escalier.zip"
36,2009-03-12,3rd,Knetter,"Jetstream","sdc36_Knetter-Jetstream.xrns"
36,2009-03-12,4th,organic_io,"cerulean serenade","sdc36_organic_io-cerulean_serenade.rar"
36,2009-03-12,5th,CAG,"untitled1","sdc36_CAG-untitled1.xrns"
36,2009-03-12,6th,hexmode,"A Journey Of 400 Years And 12 Parsecs","sdc36_mutilus-a-journey-of-400-years-and-12-parsecs.zip"
36,2009-03-12,7th,nt_ambtax1,"Auto Trade-off","sdc36_nt_ambtax1-auto_trade-off.zip"
36,2009-03-12,8th,agargara,"Dancing With a Mirror","sdc36_agargara-dancingWithAMirror.zip"
36,2009-03-12,9th,chunter,"All My Days","sdc36_chunter-sdc36-allmydays.zip"
36,2009-03-12,10th,ambtax1,"I'm in love with a robot","sdc36_ambtax1-sdc36_in_love_with_a_robot_fin.xrns"
36,2009-03-12,11th,BleedingLiver,"Moonshine Blindness","sdc36_BleedingLiver-Moonshine_blindness.xrns"
36,2009-03-12,12th,sim,"computers_eat_rockNroll","sdc36_sim-computers_eat_rockNroll.zip"
36,2009-03-12,13th,cralias,"Beyond The Negative Infinity","sdc36_cralias-beyond_the_negative_infinity.xrns"
36,2009-03-12,14th,JustinCredible,"Lullaby","sdc36_JustinCredible-Lullaby.rar"
36,2009-03-12,15th,juolac,"Thrown togeher (justwannavote)","throwntogether.xrns"
36,2009-03-12,16th,Willisica,"Let my liver be bleeding","sdc36_Willisica-Let_my_liver_be_bleeding.rar"
36,2009-03-12,17th,Airmann,"One Hot Minute","sdc36_Airmann-one_hot_minute.zip"
36,2009-03-12,17th,andyray,"The Coypu Lick","sdc36_andyray-SDC36_-_AndyRay_-_The_Coypu_Lick.zip"
36,2009-03-12,18th,Marko,"Stones behind a splinter rain","sdc36_Marko-Stones-behind-a-splinter-rain.zip"
36,2009-03-12,AV,Storm,"Planet Orbit","sdc36_Storm-Planet_Orbit.xrns"
37,2009-04-20,1st,agargara,"Urban Afternoon","sdc37_agargara-urbanAfternoon.zip"
37,2009-04-20,2nd,ambtax1,"Dream of Flight - queeniemusic (ambtax1 music/mix)","sdc37_ambtax1-sdc37_MAIN_edit.rar"
37,2009-04-20,3rd,CredibleRay,"Rays of Credibility","sdc37_CredibleRay-SDC37_-_CredibleRay_-_Rays_of_Credibility.zip"
37,2009-04-20,4th,aGIANTpupafish,"Gondola","sdc37_aGIANTpupafish-Gondola.rar"
37,2009-04-20,5th,juolac,"Never too late","nevertoolate.xrns"
37,2009-04-20,6th,chunter,"Look Intro","sdc37_chunter-sdc37-lookintro.zip"
37,2009-04-20,7th,andyray,"Woot Now","sdc37_andyray-SDC37_-_AndyRay_-_Woot_Now.zip"
37,2009-04-20,8th,attwad,"TakaDenki","sdc37_attwad-takadenki.zip"
37,2009-04-20,9th,hexmode,"Schwa","sdc37_mutilus-schwa.zip"
37,2009-04-20,10th,Elephark,"firewood","sdc37_Elephark-firewood.zip"
37,2009-04-20,11th,cralias,"Compromise Failure","sdc37_cralias-compromise_failure.xrns"
37,2009-04-20,12th,PLOVA,"Methods (SDC revised version)","sdc37_PLOVA-methods_(SDC_revised_version).rar"
37,2009-04-20,13th,Programix,"Emptiness","sdc_37_emptiness.xrns"
37,2009-04-20,14th,rixtr66,"Dementia","sdc37_rixtr66-sdc37_rixtr66.rar"
37,2009-04-20,AV,dj_szary_kicaj,"krew z cipy / sok z dupy","sdc37_dj_szary_kicaj-dj_szary_kicaj-krew_z_cipy-sok_z_dupy.xrns"
38,2009-05-25,1st,kalachnikov,"You wanna goa","sdc38_kalachnikov-You_wanna_goa.rar"
38,2009-05-25,2nd,Knetter,"ChipFury","sdc38_Knetter-ChipFury.xrns"
38,2009-05-25,3rd,Chotoro,"Etude for a time machine","sdc38_Chotoro-etude_for_a_timemachine.xrns"
38,2009-05-25,4th,J-Tax,"Dream in black and white","dreaminblackandwhite.zip"
38,2009-05-25,5th,agargara,"The Hotel Elevator","sdc38_agargara-theHotelElevator.zip"
38,2009-05-25,6th,chunter,"Unfinished","sdc38_chunter-Unfinished.zip"
38,2009-05-25,7th,Airmann,"Happy to Sad","sdc38_Airmann-happy_to_sad.xrns"
38,2009-05-25,8th,BruchFrei,"Uplifting Question","sdc38_BruchFrei-Bruch_Frei_-_Sound_Evo_-_Round_38_-_Uplifting_Question.zip"
38,2009-05-25,9th,sam_m,"ends of earth","sdc38_sam_m-ends_of_earth.rar"
38,2009-05-25,10th,antismap,"Coming back","sdc38_antismap-coming_back.rar"
38,2009-05-25,11th,attwad,"ekisan","sdc38_attwad-ekisan.zip"
38,2009-05-25,12th,zebra,"a start","sdc38_zebra-a_start.zip"
38,2009-05-25,13th,Shadowbane,"Lift","sdc38_Shadowbane-Uplifting.psy.zip"
38,2009-05-25,AV,Storm,"Dance","sdc38_Storm-Dance.xrns"
39,2009-06-22,1st,chunter,"Simple Things","sdc39_chunter-simplethings.zip"
39,2009-06-22,2nd,Airmann,"Shine On","sdc39_Airmann-shine_on.zip"
39,2009-06-22,3rd,kalachnikov,"You wanna rock","sdc39_kalachnikov-You_wanna_rock.zip"
39,2009-06-22,4th,Storm,"Water is a human right","sdc39_Storm-Water_is_a_human_right.xrns"
39,2009-06-22,5th,Knetter,"Gold & Timber","sdc39_Knetter-Gold_and_Timber.xrns"
39,2009-06-22,6th,iNTERLuNe,"Paradis, Anges et Lumières","sdc39_iNTERLuNe-Paradis_Anges_et_Lumières.rar"
39,2009-06-22,7th,JustinCredible,"eASY pEASY","sdc39_JustinCredible-Easypeasy.rar"
39,2009-06-22,8th,agargara,"Private Pirate","sdc39_agargara-privatePirate.zip"
39,2009-06-22,9th,zebra,"Nyx","sdc39_zebra-nyx.zip"
39,2009-06-22,AV,ELnatural,"39B","sdc39_ELnatural-39b.rar"
39,2009-06-22,AV,CAG,"Saturday (cag mix)","sdc39_CAG-saturday-lossy.xrns"
40,2009-07-30,1st,nt,"finally summer","sdc40_nt-finally_summer.zip"
40,2009-07-30,2nd,iddy,"momentum","sdc40_iddy-momentum.zip"
40,2009-07-30,3rd,Chotoro,"Shadow on the moon in the sea of shadow","sdc40_Chotoro-shadow_on_the_moon_in_the_sea_of_shadow.xrns"
40,2009-07-30,4th,ambtax1,"Three Letters","sdc40_ambtax1-Three_Letters.xrns"
40,2009-07-30,5th,Knetter,"Freedom","sdc40_knetter-freedom_V4.xrns"
40,2009-07-30,6th,Airmann,"Someday Soon","sdc40_Airmann-someday_soon.zip"
40,2009-07-30,7th,Aged_Sonicade,"Theres words inside your head","sdc40_Aged_Sonicade-wordsinsideyourhead.xrns"
40,2009-07-30,8th,juolac,"Read my lips","compo40_read_my_lips.xrns"
40,2009-07-30,9th,JustinCredible,"mOONRAKER","sdc40_JustinCredible-Moonraker.rar"
40,2009-07-30,10th,organic_io,"progress","sdc40_organic_io-progress.zip"
40,2009-07-30,11th,emeu,"Miniatura","sdc40_emeu-miniatura.rar"
40,2009-07-30,12th,agargara,"Indivisible","sdc40_agargara-indivisible.zip"
40,2009-07-30,13th,cralias,"Into The Night","sdc40_cralias-into_the_night.xrns"
40,2009-07-30,14th,attwad,"fujisan","sdc40_attwad-fujisan.zip"
40,2009-07-30,15th,Shadowbane,"Abandoned","sdc40_Shadowbane-abandoned2.psy.gz"
40,2009-07-30,16th,sim,"2tired2","sdc40_sim-2tired2.zip"
40,2009-07-30,17th,chunter,"Past the Apex","sdc40_chunter-pasttheapex.zip"
40,2009-07-30,18th,FingerSoup,"Cheap and Dirty","sdc40_FingerSoup-cheap_and_dirty.zip"
40,2009-07-30,AV,CAG,"Maria Without Warning","sdc40_CAG-maria-lofi.xrns"
41,2009-09-07,1st,Airmann,"Johann I'm sorry","sdc41_Airmann-johann_I_m_sorry.zip"
41,2009-09-07,2nd,Storm,"Johan Pachelbel Canon","sdc41_Storm-Storm_feat_DJ_Vadim-_Johan_Pachelbel_Canon.rar"
41,2009-09-07,3rd,chunter,"Solfeggietto","sdc41_chunter-solfeggietto.zip"
41,2009-09-07,4th,sam_m,"How Fair","sdc41_sam_m-sam_mottaghi-how_fair.xrns"
41,2009-09-07,5th,sim,"Morgenstimmung_sim-Remix","sdc41_sim-morgenstimmung_sim-Remix.rar"
41,2009-09-07,6th,emeu,"Sete Pés","sdc41_emeu-sete_pés.rar"
41,2009-09-07,7th,Marko,"Canon in D (Variation)","sdc41_Marko-CanonVariation.zip"
42,2009-10-05,1st,Necto_Ulin,"Sky Express","sdc42_Necto_Ulin-Sky_Express.zip"
42,2009-10-05,2nd,tenfour,"Maria's Closet","sdc42_tenfour-MariasCloset.zip"
42,2009-10-05,3rd,juolac,"Looking back","sdc42_juolac-looking_back.zip"
42,2009-10-05,4th,chunter,"(This Is a) Test","sdc42_chunter-Test.zip"
42,2009-10-05,5th,Airmann,"Space Walk","sdc42_Airmann-space_walk.zip"
42,2009-10-05,6th,sim,"Out Of Hours","sdc42_sim-out_of_hours.zip"
42,2009-10-05,7th,iNTERLuNe,"Tu fais quoi ce soir ?","sdc42_iNTERLuNe-Tu_fais_quoi_ce_soir.rar"
42,2009-10-05,8th,Knetter,"Low Freaquency","sdc42_Knetter-Low_Freaquency.xrns"
42,2009-10-05,9th,Taiyal,"Tracking","sdc42_Taiyal-Tracking.it.gz"
42,2009-10-05,AV,Shadowbane,"A Light In The Darkness","sdc42_Shadowbane-A_Light_In_The_Darkness.psy.gz"
43,2009-11-02,1st,Knetter,"Heart or Soul (Knetter Remix)","sdc43_Knetter-HeartOrSoul_Knetter_REMIX.xrns"
43,2009-11-02,2nd,Sonicade,"Heart or Soul [Mix-it-up Remix]","sdc43_Sonicade-heartorsoul_mixitup.xrns"
43,2009-11-02,3rd,Airmann,"Brother (Mickrip REMIX)","sdc43_Airmann-brother_remix.zip"
43,2009-11-02,4th,ambtax1,"Mick rippon - Lostviolin (ambtax mess with)","sdc43_ambtax1-mickrippon_lost_violin_(ambtax1_messed_with).xrns"
43,2009-11-02,5th,sim,"Across My Bathtub - SimMix","sdc43_sim-Across_My_Bathtub-SimMix.rar"
43,2009-11-02,6th,chunter,"capslock","sdc43_chunter-capslock-remix.zip"
43,2009-11-02,7th,Marko,"M-ode to Olli","sdc43_Marko-M-odeToOlli.zip"
43,2009-11-02,7th,irrelevnt,"Claytons Revisited (Releversion)","sdc43_irrelevnt-Claytons_Revisited_-_Releversion.rar"
43,2009-11-02,7th,Steve,"A glass half full","sdc43_Steve-Mick_Rippon_A_Glass_Half_Full_Scuba_Steve_Mix.zip"
44,2009-11-30,1st,Knetter,"Sprongy Dub","sdc44_Knetter-sprongy_dub.xrns"
44,2009-11-30,2nd,chunter,"Found, At the Edge of the Forest","sdc44_chunter-sdc44_found.xrns.rar"
44,2009-11-30,3rd,BleedingLiver,"Funk You!","sdc44_BleedingLiver-Funk_you!.xrns.zip"
44,2009-11-30,4th,juolac,"Obofunk","sdc44_obobfunk_v0.42.xrns"
44,2009-11-30,5th,joltz,"Water Dancer","sdc44_joltz-WaterDancer.zip"
44,2009-11-30,6th,Airmann,"Night Flight","sdc44_Airmann-night_flight.zip"
44,2009-11-30,7th,andyray,"Ridley Scott went out for a beer but never came back","sdc44_andyray-SDC44_-_AndyRay_-_Ridley_Scott_went_out_for_a_beer_but_never_came_back.zip"
44,2009-11-30,8th,Shadowbane,"Puddle Drops","sdc44_Shadowbane-Puddle_Drops.psy.zip"
44,2009-11-30,AV,sim,"Taurin","sdc44_sim-Taurin.xrns"
45,2010-01-06,1st,juolac,"Mon Aliza","sdc45_juolac-riwin_mon_aliza.zip"
45,2010-01-06,2nd,chunter,"Away In a Manger","sdc45_chunter-awayinamanger.zip"
45,2010-01-06,3rd,JustinCredible,"tHE sUNSHINE","sdc45_JustinCredible-Sunshine.rar"
45,2010-01-06,4th,Chotoro,"Corded progression","sdc45_Chotoro-corded_progression.xrns"
45,2010-01-06,5th,Airmann,"Analogue Electronica","sdc45_Airmann-analogue_electronica.zip"
45,2010-01-06,6th,cralias,"Diamond Dust (Alt. Ver. \"Uzsniga Sniedzins Balts\")","sdc45_cralias-uzsniga_sniedzins_balts_(diamond_dust).xrns"
45,2010-01-06,7th,nt,"Puppenstube (dollhouse)","nt_-_puppenstube.xrns"
45,2010-01-06,8th,dark_virus,"track with no name at 128bpm","sdc45_dark_virus-Dark_Virus_SDcompo_45_entry.rar"
46,2010-02-10,1st,tenfour,"Nine Pixels of Blood","sdc46_tenfour-NinePixelsOfBlood.xrns"
46,2010-02-10,2nd,Chotoro,"The Prisoner","sdc46_Chotoro-the_prisoner.xrns"
46,2010-02-10,3rd,BleedingLiver,"Uppers or downers?","sdc46_BleedingLiver-uppers_or_downers.xrns.zip"
46,2010-02-10,4th,JustAir,"Freaks Are us","sdc46_JustAir-justair_-_freaks_are_us.zip"
46,2010-02-10,5th,Knetter,"East Clubbers - It's a Dream (Knetter remix)","sdc46_Knetter-East_Clubbers-It_s_a_dream(Knetter_remix).xrns"
46,2010-02-10,6th,ambtax1,"wayfaring stranger - pink skies","sdc46_ambtax1-wayfaring_stranger_-_pink_skies_ambtax1_mix.xrns"
46,2010-02-10,7th,waterhead,"Some funky jamming","sdc46_waterhead-Some_funky_jamming.zip"
46,2010-02-10,8th,irrelevnt,"Arrow of Time","sdc46_irrelevnt-Irrelevant-ArrowOfTime-sdc46.rar"
46,2010-02-10,8th,chunter,"San Agustin","sdc46_chunter-sanagustin.zip"
46,2010-02-10,9th,Airmann,"Avatar 0_5","sdc46_Airmann-airmann_-_avatar_0_5.zip"
46,2010-02-10,10th,juolac,"UNISONata electronica","sdc46_unisonata_electronica.xrns"
46,2010-02-10,11th,Marko,"Yellow fox on the road","sdc46_Marko-yellowfoxontheroad.zip"
47,2010-03-22,1st,Mickrip,"I'll do it for You","sdc47_Mickrip-idoitforyou.xrns"
47,2010-03-22,2nd,tenfour,"The Devil's Portrait","sdc47_tenfour-TheDevilsPortrait.xrns"
47,2010-03-22,2nd,Knetter,"Alpine 8","sdc47_Knetter-Alpine_8.xrns"
47,2010-03-22,3rd,Airmann,"The One And Only","sdc47_Airmann-the_one_and_only.zip"
47,2010-03-22,4th,organic_io,"Repast","sdc47_organic_io-organic_io_-_Repast.rar"
47,2010-03-22,5th,ambtax1,"Myview","sdc47_ambtax1-myview.xrns"
47,2010-03-22,6th,kareniel,"Aŭtonoma","sdc47_kareniel-autonoma.rar"
47,2010-03-22,7th,Steve,"Help I'm Alive (Metric cover)","sdc47_Steve-Help_I_m_Alive.xrns"
47,2010-03-22,7th,chunter,"On a Rainy Day","sdc47_chunter-onarainyday.zip"
47,2010-03-22,8th,iNTERLuNe,"It's Time to Dance !","sdc47_iNTERLuNe-It_s_Time_to_Dance.rar"
47,2010-03-22,AV,CAG,"Heartbreaker (Squelch Dub)","sdc47_CAG-heartbreaker_ogg.xrns"
48,2010-05-03,1st,Airmann,"R3SISTOR","sdc48_Airmann-r3sistor.zip"
48,2010-05-03,2nd,JustinCredible,"bODY cENTERED","sdc48_JustinCredible-BodyCentered.rar"
48,2010-05-03,3rd,tenfour,"Brussel","sdc48_tenfour-Brussel.xrns"
48,2010-05-03,3rd,andyray,"Behepan","sdc48_andyray-sdc48_AndyRay_-_Behepan.zip"
48,2010-05-03,4th,juolac,"Tom is experimenting","sdc48_tom_is_experimenting.zip"
48,2010-05-03,5th,chunter,"Don't Ever Let It Stop","sdc48_chunter-donteverletitstop.zip"
48,2010-05-03,6th,Sam,"Tracker","sdc48_Sam-SDcomp48_Entry.zip"
49,2010-06-07,1st,Chotoro,"Making Waves","sdc49_Chotoro-making_waves.xrns"
49,2010-06-07,2nd,nt,"Falling Drop","nt_-_falling_drop.xrns"
49,2010-06-07,3rd,chunter,"Lydia Valley and Lydia Cave","sdc49_chunter-sdc49_lydiavalleyandcave.xrns"
49,2010-06-07,4th,iNTERLuNe,"Les Portes de Rome","sdc49_iNTERLuNe-Les_Portes_de_Rome.rar"
49,2010-06-07,5th,Shadowbane,"Wandering Mind","sdc49_Shadowbane-Wandering_Mind.psy.rar"
49,2010-06-07,6th,emeu,"One Round For This Round","sdc49_emeu-one_round_for_this_round.zip"
49,2010-06-07,7th,KungFuFurby,"How Not to be Classical","sdc49_KungFuFurby-HowNotToBeClassical.zip"
50,2010-07-19,1st,juolac,"One Single Pattern","sdc50_juolac-sdc50_One_Single_Pattern.xrns"
50,2010-07-19,2nd,andyray,"You Know Something","sdc50_andyray-SDC50_-_AndyRay_-_You_Know_Something.ZIP"
50,2010-07-19,3rd,Airmann,"Five Ooooo","sdc50_Airmann-five_ooooo.zip"
50,2010-07-19,4th,JustinCredible,"Eyes Closed","sdc50_JustinCredible-JC_Eyes_Closed.rar"
50,2010-07-19,5th,chunter,"Congratulations!","sdc50_chunter-congratulations.zip"
50,2010-07-19,6th,KungFuFurby,"Shadow of Shadows","sdc50_KungFuFurby-SDC50ShadowOfShadowsSourceITFile.zip"
50,2010-07-19,7th,insanity,"Fifty Things","sdc50_insanity-Fifty_Things.xrns"
50,2010-07-19,8th,Shadowbane,"Anthem for round 50","sdc50_Shadowbane-Anthem_for_round_50.psy.zip"
51,2010-08-23,1st,Knetter,"Capture The Flag","sdc51_Knetter-CaptureTheFlag.xrns"
51,2010-08-23,1st,tenfour,"Tot Vrijdag","sdc51_tenfour-TotVrijdag.xrns"
51,2010-08-23,2nd,Harmony,"Cinnamon","sdc51_Harmony-cinnamon.zip"
51,2010-08-23,3rd,Chotoro,"Sunrise newspaper","sdc51_Chotoro-sunrise_newspaper.xrns"
51,2010-08-23,4th,juolac,"EBM for SDC","sdc51_juolac-sdc_51_EBM_for_SDC.xrns"
51,2010-08-23,5th,Airmann,"The Pros","sdc51_Airmann-the_pros.zip"
51,2010-08-23,6th,KungFuFurby,"SynthMania","sdc51_KungFuFurby-SDC51SynthManiaSourceITFile.zip"
51,2010-08-23,7th,Marko,"Heat wave","sdc51_Marko-Heatwave.zip"
51,2010-08-23,8th,chunter,"We Hold These Truths","sdc51_chunter-weholdthesetruths.zip"
51,2010-08-23,9th,insanity,"55 secs to liftoff","sdc51_insanity-55_seconds_to_liftoff.xrns"
52,2010-10-04,1st,Knetter,"Waiting for the Water to Rise","sdc52_Knetter-Waiting_for_the_Water_to_Rise.xrns"
52,2010-10-04,2nd,chunter,"Sharpness","sdc52_chunter-sdc52-sharpness.xrns"
52,2010-10-04,3rd,Lechache,"Fitty2puf.","sdc52_Lechache-Fitty2puf..rar"
52,2010-10-04,4th,jonobo,"PixelPiano","sdc52_jonobo-sdc52___PixelPiano___by_Jonobo.zip"
52,2010-10-04,5th,andyray,"CheeseSandwich & Coffee","sdc52_andyray-SDC52_-_AndyRay_-_Cheesesandwich&Coffee.xrns"
52,2010-10-04,6th,agnes,"dolphin","sdc52_agnes-dolphin.zip"
53,2010-11-09,1st,nt,"Background Music for a Splatter Movie","nt_-_background_music_for_a_splatter_movie.zip"
53,2010-11-09,2nd,ambtax1,"Nowhere","sdc53_ambtax1-Nowhere.xrns"
53,2010-11-09,3rd,cralias,"Clear Sky","sdc53_cralias-clear_sky_r04.xrns"
53,2010-11-09,4th,Chotoro,"Theses","sdc53_Chotoro-theses.xrns"
53,2010-11-09,5th,JustinCredible,"pSYCHOACTIVITY","sdc53_JustinCredible-Psychoactivity.rar"
53,2010-11-09,6th,chunter,"No Wasted Time","sdc53_chunter-sdc53-nowastedtime.zip"
53,2010-11-09,7th,organic_io,"Autumnal Splendor","sdc53_organic_io-Autumnal_Splendor.rar"
54,2010-12-25,1st,nt,"Christmas Edition","xmas_edition.zip"
54,2010-12-25,2nd,Chotoro,"Frozen","sdc54_Chotoro-frozen.xrns"
54,2010-12-25,3rd,chunter,"Snowflakes","sdc54_chunter-sdc54-snowflakes.xrns.zip"
54,2010-12-25,4th,iddy,"The Longest Night in Winter","the_longest_night_in_winter.zip"
54,2010-12-25,5th,cralias,"Winter Mirage","sdc54_cralias-winter_mirage_r03.5.xrns"
54,2010-12-25,6th,joltz,"Jingle Bass","sdc54_joltz-jinglebass.zip"
54,2010-12-25,7th,juolac,"The Chamber","sdc_54_da_chamber.zip"
54,2010-12-25,8th,iNTERLuNe,"Enya-My Time Flies (iNTERLuNe Mix)","sdc54_iNTERLuNe-Enya-My_Time_Flies_(iNTERLuNe_Mix).xrns"
54,2010-12-25,9th,Hyakkimaru,"Winter Wonderland","sdc54_Hyakkimaru-WinterWonderland.rar"
54,2010-12-25,10th,jonobo,"Znowflakez","sdc54_jonobo-20101123___sdc54___znowflakez.rar"
54,2010-12-25,11th,Airmann,"unfinished","sdc54_Airmann-unfinished.zip"
54,2010-12-25,12th,juholento,"winter atmospheres","sdc54_juholento-winter_atmospheres.rar"
54,2010-12-25,13th,Sallecta,"Matrix Snow","sdc54_Sallecta-Sallecta-MatrixSnow.zip"
54,2010-12-25,AV,Sonicade,"Silver Bells","sdc54_Sonicade-Silver_Bells.xrns"
55,2011-02-08,1st,BleedingLiver,"The Great Giana Sisters","sdc55_BleedingLiver-the_Great_Giana_sisters.xrns.zip"
55,2011-02-08,2nd,organic_io,"Respect to Gomola Speed","respect_to_gomola_speed.zip"
55,2011-02-08,3rd,Steve,"Descent 1 Round 2 Remix","sdc55_Steve-Descent1Round2Remix.xrns"
55,2011-02-08,4th,misterx78,"Barry Sandman","sdc55_misterx78-BarrySandman.zip"
55,2011-02-08,5th,Sallecta,"REA","sdc55_Sallecta-Sallecta-REA.zip"
55,2011-02-08,6th,chunter,"At the Cave Entrance, Where the Fairy Queen Waits Inside","sdc55_chunter-sdc55-atthecaveentrance.xrns"
56,2011-04-05,1st,tenfour,"Go Anywhere","sdc56_tenfour-GoAnywhere.xrns"
56,2011-04-05,2nd,sam_m,"Who are you","sdc56_sam_m-who_are_you.zip"
56,2011-04-05,3rd,juolac,"Make it easy","sdc56_juolac-sdc_56_Make_it_easy.xrns"
56,2011-04-05,4th,BleedingLiver,"Sirens of Apocalypse","sdc56_BleedingLiver-Sirens_of_Apocalypse.xrns.zip"
56,2011-04-05,5th,emeu,"Pages from a scrapbook","sdc56_emeu-pages_from_a_scrapbook.xrns"
56,2011-04-05,6th,Knetter,"24Brazaz (feat. Curve)","sdc56_Knetter-24Brazaz_(feat._curve).zip"
56,2011-04-05,7th,Chotoro,"The interpreters","sdc56_Chotoro-the_interpreters.xrns"
56,2011-04-05,8th,ambtax1,"deflated and alone - kaer trouz (tax1mix)","sdc56_ambtax1-deflated_and_alone_ambtax1_mix.xrns"
56,2011-04-05,9th,JustinCredible,"Untitled Number Nine","sdc56_JustinCredible-UntitledNo9.rar"
56,2011-04-05,10th,chunter,"Seven Lucky Gods","sdc56_chunter-sevenluckygods.zip"
56,2011-04-05,11th,Sallecta,"Interstate 60","sdc56_Sallecta-Interstate60.zip"
57,2011-05-11,1st,Chotoro,"Revenge","sdc57_Chotoro-revenge.xrns"
57,2011-05-11,2nd,chunter,"Springtime Air","sdc57_chunter-sdc57-springtimeair.zip"
57,2011-05-11,3rd,Evolutionary_Cell,"Critical Bypass","sdc57_Evolutionary_Cell-Critical_Bypass.rar"
57,2011-05-11,4th,Airmann,"Unleashed","sdc57_Airmann-unleashed.zip"
57,2011-05-11,5th,JustinCredible,"Ueberschall","sdc57_JustinCredible-Ueberschall.rar"
57,2011-05-11,AV,SDCTester,"Blank Entry","blank.xrns"
58,2011-06-20,1st,keith303,"bongo people in alarm situation","sdc58_keith303-bongo_people_in_alarm_situation.rar"
58,2011-06-20,1st,chunter,"Missing Piece","sdc58_chunter-sdc58-missingpiece.xrns"
58,2011-06-20,2nd,Knetter,"The Mean Machine","sdc58_Knetter-The_Mean_Machine.xrns"
58,2011-06-20,3rd,Shadowbane,"Response","sdc58_Shadowbane-58_-_uplifting.rar"
58,2011-06-20,4th,Marko,"Wet moor","sdc58_Marko-wetmoor.zip"
58,2011-06-20,AV,SDCTester,"Blank Entry","blank.xrns"
59,2011-08-01,1st,andyray,"White Stare","sdc59_andyray-sdc59_-_AndyRay_-_White_Stare.zip"
59,2011-08-01,2nd,chunter,"I Will Find You feat. Momone Momo","sdc59_chunter-sdc59-iwillfindyou.xrns"
59,2011-08-01,3rd,cralias,"Reaching For Stars","sdc59_cralias-reaching_for_stars_r07.xrns"
59,2011-08-01,3rd,Chotoro,"Drop in","sdc59_Chotoro-drop_in.xrns"
59,2011-08-01,4th,juolac,"Groovey synch","sdc59_juolac-sdc59_Grooved_synch.xrns"
59,2011-08-01,5th,waterhead,"You got to be the beat","sdc59_waterhead-you_got_to_be_the_beat.zip"
59,2011-08-01,6th,CAG,"I Was Innocent","sdc59_CAG-i_was_innocent_ogg_compressed.xrns"
59,2011-08-01,7th,OneTrackMind,"Indeed","sdc59_OneTrackMind-SDC59_OneTrackMind_-_Indeed.rar"
59,2011-08-01,8th,fladd,"2 Far Away","sdc59_fladd-2_far_away.zip"
59,2011-08-01,9th,hseiken,"Audio Recording Protest","hs-sd59entry.xrns"
59,2011-08-01,AV,insanity,"Memorial For CommanderVideo","sdc59_insanity-Memorial_for_CommanderVideo.xrns"
60,2011-09-05,1st,chunter,"Kyori no Yume feat. Kasane Teto and Momone Momo","sdc60_chunter-sdc60-kyorinoyume.xrns"
60,2011-09-05,2nd,organic_io,"distant tower","sdc60_organic_io-distant_tower.rar"
60,2011-09-05,3rd,stardiaries,"Coatzacoalcos Miami","sdc60_stardiaries-coatzacoalcos_miami.zip"
60,2011-09-05,4th,ambtax1,"Riots in my country","sdc60_ambtax1-Riots_in_my_country.xrns"
60,2011-09-05,5th,ThumbWrestler,"Automatic Doors","sdc60_ThumbWrestler-Automatic_Doors.rar"
60,2011-09-05,6th,lwpss,"6.021","sdc60_lwpss-6.021.zip"
61,2011-11-01,1st,chunter,"No Estoy Seguro (I'm Not Sure)","sdc61_chunter-noestoyseguro.zip"
61,2011-11-01,2nd,Knetter,"The MusicBox","sdc61_Knetter-The_Musicbox.xrns"
61,2011-11-01,3rd,Aged,"Flawed Design (unfinished demo)","sdc61_Aged-sdc61-aged-flawed_design.zip"
61,2011-11-01,4th,JustinCredible,"Sunburst","sdc61_JustinCredible-Sunburst.rar"
61,2011-11-01,5th,Shadowbane,"Ghosts","sdc61_Shadowbane-ghosts..psy.rar"
61,2011-11-01,AV,SDCTester,"Blank Entry","blank.xrns"
62,2011-12-07,1st,waterhead,"Realtime","sdc62_waterhead-sdc62_w473rh34d_realtime.zip"
62,2011-12-07,2nd,tenfour,"Grotesque","sdc62_tenfour-Grotesque.xrns"
62,2011-12-07,3rd,Knetter,"Missing You (feat. Lot)","sdc62_Knetter-missing_you.xrns"
62,2011-12-07,4th,chunter,"Sekai ga Mawaru (The World Turns) feat. Momone Momo and Kasane Teto","sdc62_chunter-sdc62-sekaigamawaru.xrns"
62,2011-12-07,5th,plusminus,"SDC62 Dub (fast mix)","sdc62_plusminus-fastdub.zip"
62,2011-12-07,6th,BleedingLiver,"Never enough time","sdc62_BleedingLiver-never_enough_time.xrns.zip"
62,2011-12-07,7th,ambtax1,"Saviour","sdc62_ambtax1-Saviour.xrns"
62,2011-12-07,8th,agargara,"mazurswindle","sdc62_agargara-mazurswindle.zip"
62,2011-12-07,9th,u4ic,"Amphibulated","sdc62_u4ic-U4iC-Amphibulated.zip"
62,2011-12-07,10th,Shadowbane,"Conquerors Of Dawn","sdc62_Shadowbane-62.xrns"
62,2011-12-07,AV,Airmann,"not for real","sdc62_Airmann-airmann_-_not_for_real.zip"
63,2012-01-03,1st,Shadowbane,"Mary Did You Know","sdc63_Shadowbane-MARY_DID_YOU_KNOW.xrns"
63,2012-01-03,1st,chunter,"Adeste Fideles","sdc63_chunter-sdc63-adeste.xrns"
64,2012-02-03,1st,iddy,"pixels at light speed","sdc64_iddy-pixels_at_light_speed.xrns"
64,2012-02-03,2nd,fractaural_motif,"Surf Rider","sdc64_fractaural_motif-SurfRider.zip"
64,2012-02-03,3rd,rAged,"Stroem","sdc64_rAged-SDC64_-_rAged_-_Stroem.xrns"
64,2012-02-03,4th,chunter,"You Remembered","sdc64_chunter-sdc64-youremembered.xrns"
64,2012-02-03,5th,andyray,"The Straw Theory","sdc64_andyray-SDC64_-_AndyRay_-_The_Straw_Theory.xrns"
65,2012-03-11,1st,agargara,"Mollusc Mayhem","sdc65_agargara-molluscmayhem.zip"
65,2012-03-11,2nd,chunter,"Don't Cry (Nakanaide) feat. Momone Momo","sdc65_chunter-sdc65-dontcry.xrns"
65,2012-03-11,3rd,plusminus,"Dikralafost","sdc65_plusminus-dikralafost.it.zip"
65,2012-03-11,4th,CoolGreenApple,"Shady","sdc65_CoolGreenApple-Shady.zip"
65,2012-03-11,5th,Airmann,"A riff","sdc65_Airmann-a_riff.xrns"
65,2012-03-11,AV,DummyEntry,"Vote 5th for this entry","sdc65_DummyEntry-dummy.entry.rar"
66,2012-05-07,1st,tenfour,"In Between and Underneath","sdc66_tenfour-InBetweenAndUnderneath.xrns"
66,2012-05-07,2nd,Airmann,"BTTR","sdc66_Airmann-bttr.xrns"
66,2012-05-07,3rd,organic_io,"Ashen Light","sdc66_organic_io-Ashen_Light.rar"
66,2012-05-07,4th,Chotoro,"Spooky action at a distance","sdc66_Chotoro-spooky_action_at_a_distance.xrns"
66,2012-05-07,5th,iddy,"searching for a star","sdc66_iddy-searching_for_a_star.zip"
66,2012-05-07,6th,Knetter,"Soul Wants to Grow (feat. Snowflake VS 4nsic)","sdc66_Knetter-Knetter_-_Soul_Wants_to_Grow_(feat._Snowflake_VS_4nsic).xrns"
66,2012-05-07,7th,juolac,"Close to you","sdc66_juolac-Close_to_you.xrns"
66,2012-05-07,8th,jcaged,"democracy","democracy.zip"
66,2012-05-07,9th,andyray,"Copper Fields","sdc66_andyray-SDC_66_-_AndyRay_-_Copper_Fields.zip"
66,2012-05-07,9th,CAG,"Don't Look Back","sdc66_CAG-sdc66.xrns"
66,2012-05-07,10th,fractaural_motif,"Adrenaline","sdc66_fractaural_motif-Adrenaline.xrns"
66,2012-05-07,11th,chunter,"Morning By Gulfside","sdc66_chunter-sdc66-morningbygulfside.xrns"
66,2012-05-07,12th,CasMarrav,"Back","sdc66_CasMarrav-Back.zip"
66,2012-05-07,12th,Shadowbane,"Dayfall","sdc66_Shadowbane-DayFall2.xrns"
66,2012-05-07,AV,jakubukaj,"Silesian Leaves - This Time","sdc66_jakubukaj-Silesian_Leaves_-_This_Time.zip"
67,2012-06-28,1st,tenfour,"If Only It Were You","sdc67_tenfour-IfOnlyItWereYou.xrns"
67,2012-06-28,2nd,Chotoro,"Fullpower deadend","sdc67_Chotoro-fullpower_deadend.xrns"
67,2012-06-28,3rd,chunter,"Electric Plastic Park","sdc67_chunter-sdc67-electricplasticpark.xrns"
67,2012-06-28,4th,ambtax1,"this one","sdc67_ambtax1-sdc66_this_one.xrns"
67,2012-06-28,5th,organic_io,"Slow Burn (WIP)","sdc67_organic_io-slow_burn.rar"
67,2012-06-28,6th,iddy,"information overflow","sdc67_iddy-information_overflow.zip"
67,2012-06-28,7th,Sallecta,"Sleeping Giant (featuring Suzi Q Smith)","sdc67_Sallecta-Seeping_Giant_(feat_Suzi_Q_Smith).zip"
67,2012-06-28,8th,hexmode,"Skips / Quavers","sdc67_mutilus-skips-quavers.zip"
67,2012-06-28,9th,Shadowbane,"Fight!","sdc67_Shadowbane-Fight.rar"
68,2012-08-23,1st,Knetter,"A Day at the Beach","sdc68_Knetter-A_Day_at_the_Beach.xrns"
68,2012-08-23,2nd,Necto_Ulin,"Like that","sdc68_Necto_Ulin-Necto_Ulin_-_Like_that.xrns"
68,2012-08-23,3rd,keith303,"token taken","sdc68_keith303-token_taken.rar"
68,2012-08-23,4th,chunter,"Muscle Memory","sdc68_chunter-sdc68_musclememory.xrns"
68,2012-08-23,5th,Chotoro,"Over the sea","sdc68_Chotoro-over_the_sea.xrns"
68,2012-08-23,6th,Airmann,"Invisible","sdc68_Airmann-invisible.zip"
68,2012-08-23,7th,hexmode,"insection","sdc68_hexmode-insection.zip"
68,2012-08-23,8th,waterhead,"You got to feel it","sdc68_waterhead-you-got-to-feel-it.zip"
68,2012-08-23,9th,Sallecta,"BeepTrip","sdc68_Sallecta-BeepTrip.zip"
68,2012-08-23,10th,Marko,"Brother you trust","sdc68_Marko-brother-you-trust.zip"
68,2012-08-23,11th,sim,"Smerdjakoff´s Guitar","sdc68-Smerdjakoffs_Guitar.xrns"
68,2012-08-23,12th,Shadowbane,"A song in no way related to marching unicorns","sdc68_Shadowbane-A_song_in_no_way_related_to_marching_unicorns.zip"
69,2012-10-24,1st,CAG,"Quasar Beam","sdc69_CAG-quasar_beam_compressed.xrns"
69,2012-10-24,2nd,iddy,"Binary Stars","binary_stars.zip"
69,2012-10-24,3rd,Knetter,"Zeevonk","sdc69_Knetter-zeevonk.xrns"
69,2012-10-24,4th,lwpss,"megaprime","sdc69_lwpss-megaprime.zip"
69,2012-10-24,5th,ballacr75,"arcobaleno","sdc69_ballacr75-ARCOBALENO.zip"
69,2012-10-24,6th,waterhead,"Romantic interlude","sdc69_waterhead-romantic-interlude.zip"
69,2012-10-24,7th,ambtax1,"Funky rhythm (infinished)","sdc69_ambtax1-funky_rhytm_tune.xrns"
69,2012-10-24,8th,chunter,"Backwards in Time, Faster than Light","sdc69_chunter-sdc69-bitftl.xrns"
69,2012-10-24,9th,hexmode,"Could Be (feat. Jenny Mayhem)","sdc69_hexmode-Could-Be.zip"
69,2012-10-24,10th,Steve,"Negative mass demon","sdc69_Steve-Negative_mass_demon.xrns"
70,2012-12-25,1st,tenfour,"Empty Dreams","sdc70_tenfour-EmptyDreams.xrns"
70,2012-12-25,2nd,nt,"Favorite Fetish","sdc70_nt-favouriteFetish34.sunvox.zip"
70,2012-12-25,3rd,Chotoro,"The Whistler in the Silent Night","sdc70_chotoro_-_the_whistler_in_the_silent_night.xrns"
70,2012-12-25,4th,A-Lin,"Against the tree","sdc70_A-Lin-AgainstTheTree.xrns"
70,2012-12-25,5th,waterhead,"Another day in the snow","sdc70_waterhead-another-day-in-the-snow.zip"
70,2012-12-25,6th,ballacr75,"Sweetness","sdc070-ballacr75-sweetness.xrns"
70,2012-12-25,7th,chunter,"Joy to the World","sdc70_chunter-sdc70-joytotheworld.xrns"
70,2012-12-25,8th,MiaFan2010,"MiaFan2010's Christmas Song","sdc70_MiaFan2010-xmasmf2k10.zip"
71,2013-02-26,1st,francis_red,"Burst","sdc71_francis_red-Burst.xrns"
71,2013-02-26,2nd,A-Lin,"Chocolate64","sdc71_A-Lin-Chocolate64_trim.xrns"
71,2013-02-26,3rd,Mios,"Dreamon","sdc71_Mios-Dreamon.xrns.zip"
71,2013-02-26,4th,chunter,"You Said and Smiled","sdc71_chunter-sdc71-yousaidandsmiled.xrns"
71,2013-02-26,5th,Knetter,"The Shangri-La","sdc71_Knetter-The_Shangri-La.xrns"
71,2013-02-26,6th,Haplo,"Breath of the Demon","sdc71_Haplo-Breath_of_the_Demon.zip"
71,2013-02-26,7th,plusminus,"Paeonia","sdc71_plusminus-paeonia.zip"
71,2013-02-26,8th,ballacr75,"kamikaazee71","sdc71_ballacr75-kamikaazee71.zip"
71,2013-02-26,9th,flipbit03,"Seventy Oneing","flipbit03_SeventyOneing.xrns"
71,2013-02-26,10th,hexmode,"ham scissors","sdc71_hexmode-hexmode--ham-scissors.zip"
72,2013-04-18,1st,Knetter,"Mallets","sdc72_Knetter-mallets.xrns"
72,2013-04-18,2nd,A-Lin,"Kids on the Slide","sdc72_A-Lin-KidsOnTheSlide_final.xrns"
72,2013-04-18,3rd,iddy,"twilight cafe","sdc72_iddy-twilight_cafe.zip"
72,2013-04-18,4th,francis_red,"Wanderer","sdc72_francis_red-sdc72_francis_red.xrns"
72,2013-04-18,5th,ReneWiersma,"Lazy Coconut","sdc72_ReneWiersma-LazyCoconut.xrns"
72,2013-04-18,6th,CONFIGSISSY,"fairlight cmi)","sdc72_RB-FA8314GBaC26.zip"
72,2013-04-18,7th,plusminus,"A Different Drummer","sdc72_plusminus-a_different_drummer.zip"
72,2013-04-18,8th,chunter,"die Zug","sdc72_chunter-sdc72_dieZug.xrns"
72,2013-04-18,9th,Airmann,"Spanish Mood","sdc72_Airmann-spanish_mood.xrns"
72,2013-04-18,10th,Haplo,"Ace Up Your Sleeve","sdc72_Haplo-AceUpYourSleeve.zip"
73,2013-06-12,1st,Airmann,"Diggin' Deeper","sdc73_Airmann-diggin_deeper.xrns"
73,2013-06-12,2nd,francis_red,"Honjin","sdc73_francis_red-SDC73_francis_red.rar"
73,2013-06-12,3rd,A-Lin,"RealityDream","sdc73_A-Lin-RealityDream_final.xrns"
73,2013-06-12,3rd,chunter,"Human Touch Experiment","sdc73_chunter-sdc73_humantouchexperiment.xrns"
73,2013-06-12,4th,ReneWiersma,"Korath III","sdc73_ReneWiersma-KorathIII.xrns"
73,2013-06-12,5th,sim,"beach anarchy","sdc73_sim-beach_anarchy.zip"
73,2013-06-12,6th,hexmode,"20130531","sdc73_hexmode-hexmode--20130531.zip"
73,2013-06-12,7th,juolac,"Who reads the Read Me?","sdc73-juolac-whoreadsthereadme.xrns"
74,2013-07-24,1st,ballacr75,"A reason for me","sdc74_ballacr75-a_reason_for_me.zip"
74,2013-07-24,2nd,fractaural_motif,"Dreams of Victory","sdc74_fractaural_motif-Dreams_of_Victory.zip"
74,2013-07-24,3rd,A-Lin,"Yellow Sorrow","sdc74_A-Lin-YellowSorrow_final.xrns"
74,2013-07-24,4th,sim,"bird without a song","sdc74_sim-bird_without_a_song.zip"
74,2013-07-24,5th,JustinCredible,"Inside Out","sdc74_JustinCredible-Inside_Out.rar"
74,2013-07-24,6th,chunter,"Dark Junorganics","sdc74_chunter-sdc74-darkjunorganics.xrns"
74,2013-07-24,7th,Shadowbane,"Take Three","sdc74_Shadowbane-take_three.zip"
74,2013-07-24,8th,Marko,"Unrealized glistening on alumium","sdc74_Marko-unrealized-glistening-on-alumium.zip"
74,2013-07-24,AV,ambtax1,"Time","sdc74_ambtax1-sdc_time.xrns"
75,2013-09-14,1st,chunter,"Pictures of Success","sdc75_chunter-sdc75-pictures9.xrns"
75,2013-09-14,2nd,andyray,"Spotlight","sdc75_andyray-SDC75_AndyRay_-_Spotlight.zip"
75,2013-09-14,3rd,Din,"A Kick in the Flange","sdc75_Din-A_Kick_in_the_Flange.xrns"
75,2013-09-14,4th,iddy,"always","always.tar.bz"
75,2013-09-14,5th,A-Lin,"Corelli Opus 5 snippet","sdc75_A-Lin-Corelli_Opus_5.xrns"
75,2013-09-14,6th,Steve,"Deadmau5 - October","sdc75_Steve-Deadmau5-October.xrns"
75,2013-09-14,7th,ballacr75,"jump","sdc75_ballacr75-jump.zip"
75,2013-09-14,8th,Shadowbane,"Hit The Streets","sdc75_Shadowbane-Hit_the_streets.zip"
75,2013-09-14,9th,fractaural_motif,"Eye of the Tiger","sdc75_fractaural_motif-Eye_of_the_Tiger.zip"
76,2013-11-07,1st,A-Lin,"Mistroscopical","sdc76_A-Lin-Mistroscopical.xrns"
76,2013-11-07,2nd,KURTZ,"biomechaNICal invasion","sdc76_KURTZ-biomechanical_invasion_-_dx10.xrns"
76,2013-11-07,3rd,iddy,"table for one","table_for_one.zip"
76,2013-11-07,4th,Knetter,"Indian Summer","sdc76_Knetter-Indian_Summer.xrns"
76,2013-11-07,5th,nt,"Berlin FM","sdc76_nt-berlin_fm.zip"
76,2013-11-07,6th,Rag,"BaDX10der","sdc76_Rag-BaDX10der.xrns"
76,2013-11-07,7th,chunter,"FMB","sdc76_chunter-sdc76-bossa.xrns"
76,2013-11-07,8th,ballacr75,"magic","sdc76_ballacr75-magic.zip"
76,2013-11-07,9th,andyray,"A little dittier","sdc76_andyray-SDC76_AndyRay_-_A_Little_Bit_Dittier.zip"
76,2013-11-07,9th,CoolGreenApple,"Frenetic Molemen","sdc76_CoolGreenApple-FreneticMolemen.zip"
76,2013-11-07,AV,hiroshi909808,"SOON","sdc76_hiroshi909808-COMPO1.xrns"
77,2013-12-01,1st,Rag,"Internal Organ no. 77","sdc77_Rag-Internal_Organ_no.77.xrns"
77,2013-12-01,1st,A-Lin,"Pomme contre point","sdc77_A-Lin-PommeContrePoint_final.xrns"
77,2013-12-01,2nd,SawZer,"Beyond the System","sdc77_SawZer-Beyond_the_System.zip"
77,2013-12-01,3rd,fractaural_motif,"Rastadune","sdc77_fractaural_motif-rastadune.zip"
77,2013-12-01,3rd,ballacr75,"inside","sdc77_ballacr75-inside.zip"
77,2013-12-01,4th,KURTZ,"The Zeta Computer","sdc77_KURTZ-zcomputer.xrns"
77,2013-12-01,5th,iddy,"superhighway gridlock","sdc77_iddy-superhighway_gridlock.zip"
77,2013-12-01,6th,hexmode,"variant one","sdc77_hexmode-variant1.zip"
77,2013-12-01,6th,Carbonthief,"Tomorrow","sdc77_Carbonthief-Tomorrow.rar"
77,2013-12-01,7th,mutah,"Backflip","sdc77_mutah-backflip.xrns"
77,2013-12-01,8th,chunter,"4, 3, 2, 1","sdc77_chunter-sdc77-4321.xrns"
77,2013-12-01,9th,emeu,"Étude","sdc77_emeu-etude.zip"
77,2013-12-01,10th,GrayClip,"ICHIGEKI","sdc77_GrayClip-ICHIGEKI.zip"
78,2014-02-03,1st,A-Lin,"Sun Fresh Air","sdc78_A-Lin-SunAndFreshAir.xrns"
78,2014-02-03,2nd,sam_m,"tide","sdc78_sam_m-sam_mottaghi-tide.zip"
78,2014-02-03,3rd,Din,"Climbing the Walls","sdc78_Din-Climbing_the_Walls.xrns"
78,2014-02-03,4th,ballacr75,"steel","sdc78_ballacr75-steel.zip"
78,2014-02-03,5th,chunter,"Deep Freeze","sdc78_chunter-sdc78_deepfreeze.xrns"
78,2014-02-03,6th,SDCTester,"Blank Voting Entry","blank.xrns"
79,2014-03-10,1st,legacy_device,"absorbing kingdoms","sdc79_legacy_device-absorbing_kingdoms.zip"
79,2014-03-10,2nd,iddy,"the paths of strangers","sdc79_iddy-the_paths_of_strangers.zip"
79,2014-03-10,3rd,JustinCredible,"Firefly","sdc79_JustinCredible-Firefly.rar"
79,2014-03-10,4th,Din,"Creature of Habit","sdc79_Din-Creature_of_Habit.xrns"
79,2014-03-10,5th,kururuku,"Lumines","sdc79_kururuku-Lumines.xrns.zip"
79,2014-03-10,6th,chunter,"Incredible Edible Id","sdc79_chunter-sdc79_incredibleedibleid.xrns"
79,2014-03-10,7th,Carbonthief,"Twopointeight","sdc79_Carbonthief-twopointeight.xrns"
79,2014-03-10,8th,andyray,"Double Deed","sdc79_andyray-SDC79_-_AndyRay_-_Double_Deed.zip"
79,2014-03-10,9th,ballacr75,"kairaki","sdc79_ballacr75-kairaki.zip"
80,2014-03-30,1st,keith303,"(constantly) switching device","sdc80_keith303-constantly_switching_device.zip"
80,2014-03-30,2nd,chunter,"Motor Jam","sdc80_chunter-sdc80_motorjam.xrns"
80,2014-03-30,3rd,andyray,"Taking it on the low side","sdc80_andyray-SDC80_AndyRay_-_Taking_it_on_the_low_side.xrns"
80,2014-03-30,4th,Carbonthief,"Mechanical Labor Union","sdc80_Carbonthief-Mechanical_Labor_Union.xrns"
80,2014-03-30,5th,ballacr75,"esion rotom","sdc80_ballacr75-esion_rotom.zip"
80,2014-03-30,6th,hexmode,"toni brixton","sdc80_hexmode-hexmode--toni-brixton.zip"
80,2014-03-30,7th,Shadowbane,"Industry","sdc80_Shadowbane-Industry.zip"
81,2014-04-17,1st,keith303,"based on a true chipstory","sdc81_keith303_-_based_on_a_true_chipstory.zip"
81,2014-04-17,2nd,Airmann,"Mezzo Mezzo","sdc81_Airmann-mezzo_mezzo.zip"
81,2014-04-17,3rd,directionless,"Back in Track","sdc81_directionless-Directionless_Back_in_Track.zip"
81,2014-04-17,4th,chunter,"Don't Let Them Beat You","sdc81_chunter-sdc81_dontletthembeatyou.xrns"
81,2014-04-17,5th,organic_io,"1SA / Lifeworks","sdc81_organic_io-sdc81_organic_io_-_1SA-Lifeworks.zip"
81,2014-04-17,6th,ballacr75,"autocadsemplando","sdc81_ballacr75-AUTOCADSEMPLANDO.xrns"
81,2014-04-17,7th,Carbonthief,"Tribute","sdc81_Carbonthief-tribute.zip"
82,2014-05-01,1st,keith303,"dirtybit","sdc82_keith303_-_dirtybit.xrns"
82,2014-05-01,2nd,directionless,"Vocal Debacle","sdc82_directionless-VocalDebacle.xrns"
82,2014-05-01,3rd,chunter,"Doo Hoo","sdc82_chunter-sdc_82-doohoo.xrns"
82,2014-05-01,3rd,Carbonthief,"Routine","sdc82_Carbonthief-Routine.zip"
82,2014-05-01,AV,SDCTester,"Blank Voting Entry 2","blank2.xrns"
82,2014-05-01,AV,SDCTester,"Blank Voting Entry","blank.xrns"
83,2014-05-31,1st,Airmann,"Lilium","sdc83_Airmann-lilium.zip"
83,2014-05-31,2nd,JustinCredible,"Six to the Floor","sdc83_JustinCredible-SixtotheFloor.rar"
83,2014-05-31,3rd,BleedingLiver,"Legalize freedom","sdc83_BleedingLiver-LEGALIZE_FREEDOM.xrns.zip"
83,2014-05-31,4th,Carbonthief,"Slowly Losing It","sdc83_Carbonthief-slowlylosingit_2.zip"
83,2014-05-31,5th,chunter,"I Wonder If We'll Make It","sdc83_chunter-sdc83-iwonderif.xrns"
83,2014-05-31,6th,menthes,"chemtrails","sdc83_menthes-chemtrails.zip"
83,2014-05-31,7th,ballacr75,"shot","sdc83_ballacr75-shot.zip"
83,2014-05-31,8th,IceWolf,"Towards Eternity","sdc83_IceWolf-Towards_Eternity.sunvox.gz"
83,2014-05-31,AV,A-Lin,"Light Move","sdc83_A-Lin-LightMove_trim.xrns"
84,2014-07-07,1st,A-Lin,"Hidden in the Woods","sdc84_A-Lin-HiddenInTheWoods.xrns"
84,2014-07-07,2nd,directionless,"Skeleton Escape","sdc84_directionless-SkeletonEscape.zip"
84,2014-07-07,3rd,Carbonthief,"Multitasking","sdc84_Carbonthief-multitasking.xrns"
84,2014-07-07,4th,chunter,"Another Step","sdc84_chunter-sdc84_anotherstep.xrns"
84,2014-07-07,5th,ballacr75,"Take This One","sdc84_ballacr75-TAKE_THIS_ONE.zip"
84,2014-07-07,6th,Shadowbane,"Mixed so well.","sdc84_Shadowbane-Mixed_it_SOOOOOOO_well.zip"
85,2014-08-12,1st,ballacr75,"loving","sdc85_ballacr75-loving.zip"
85,2014-08-12,2nd,chunter,"When New Ideas Don't Work Try Old Ones","sdc85_chunter-sdc85-whennewideas.xrns"
85,2014-08-12,3rd,Bio-EA,"Mio Mio","sdc85_Bio-EA-Bio-EA_-_Mio_Mio.rar"
85,2014-08-12,4th,Din,"Nosferatu","sdc85_Din-Nosferatu.xrns"
85,2014-08-12,5th,Airmann,"Seducer's Seed","sdc85_Airmann-seducers_seed.zip"
85,2014-08-12,6th,directionless,"Frequency Adulation","sdc85_directionless-frequency_adjulation.xrns"
85,2014-08-12,7th,Carbonthief,"Cat Ears","sdc85_Carbonthief-catears.xrns"
85,2014-08-12,8th,rawspectra,"Spaß²","sdc85_rawspectra-Spaß².rar"
85,2014-08-12,9th,mr-foobar,"Exterminate","sdc85_mr-foobar-externminate.xrns.gz"
86,2014-09-22,1st,A-Lin,"Crazy","sdc86_A-Lin-Crazy_finalT.xrns"
86,2014-09-22,2nd,directionless,"Chip Salad","sdc86_directionless-ChipSalad.xrns"
86,2014-09-22,3rd,chunter,"We Make the Future","sdc86_chunter-sdc86-wemakethefuture.xrns"
86,2014-09-22,4th,Carbonthief,"Too Much Effort","sdc86_Carbonthief-toomucheffort.xrns"
86,2014-09-22,5th,ballacr75,"aspirina c64","sdc86_ballacr75-ASPIRINA_C64.zip"
86,2014-09-22,6th,Ahornberg,"Super Mario Plays A Real Chiptune","sdc86_Ahornberg-super_mario_plays_a_real_chiptune.zip"
87,2014-11-07,1st,ballacr75,"Do you like wave?","sdc87_ballacr75-DO_YOU_LIKE_WAVE.zip"
87,2014-11-07,2nd,chunter,"Speed of What","sdc87_chunter-sdc87-speedofwhat.xrns"
87,2014-11-07,3rd,Din,"All Day Before All Saints' Day","sdc87_Din-All_Day_Before_All_Saints__Day.xrns"
87,2014-11-07,4th,A-Lin,"Bungy Jump","sdc87_A-Lin-A-Lin_BungyJump.xrns"
87,2014-11-07,5th,Airmann,"Pillar Of Cloud And Fire","sdc87_Airmann-pillar_of_cloud_and_fire.zip"
87,2014-11-07,6th,JustinCredible,"Siding Spring","sdc87_JustinCredible-Siding_Spring.rar"
87,2014-11-07,7th,directionless,"Just Another Day","sdc87_directionless-JustAnotherDay.xrns"
87,2014-11-07,8th,Ahornberg,"City Train","sdc87_Ahornberg-city_train.xrns"
87,2014-11-07,9th,Carbonthief,"Good Morning","sdc87_Carbonthief-goodmorning_fnl.xrns"
87,2014-11-07,10th,collet,"litle air","sdc87_collet-litle_air.zip"
88,2014-12-14,1st,Airmann,"Wise Men's Headcrash","sdc88_Airmann-wise_men_s_headcrash.zip"
88,2014-12-14,2nd,A-Lin,"The Hologram","sdc88_A-Lin-TheHologram_final_5.xrns"
88,2014-12-14,2nd,keith303,"hex-a-track","sdc88_keith303-hex-a-track.rar"
88,2014-12-14,3rd,Din,"So Little Time","sdc88_Din-So_Little_Time.xrns"
88,2014-12-14,4th,Ahornberg,"November Rain","sdc88_Ahornberg-november_rain.xrns"
88,2014-12-14,5th,chunter,"Was It Only a Dream?","sdc88_chunter-sdc88-wasitonlyadream.xrns"
89,2015-01-29,1st,ageDirectionless,"Are You Dreaming","sdc89_ayd.xrns"
89,2015-01-29,1st,A-Lin,"Quintuple Orbital","QuintupleOrbital_final.xrns"
89,2015-01-29,2nd,Din,"Semiconscious","sdc89_Din-Semiconscious.xrns"
89,2015-01-29,3rd,Ahornberg,"Sunrise","sunrise.zip"
89,2015-01-29,4th,chunter,"500","sdc89-500.xrns"
89,2015-01-29,5th,ballacr75,"reaction","REACTION.zip"
89,2015-01-29,6th,tonmas,"emptiness","sdc89_tonmas-sdc89_emptiness_tonmas.zip"
